clave_emision,anio,unidad_sectorial_agregada,modulo,categoria_ipcc,categoria_nombre,producto_std,metodo_asignacion,unidad_origen_psut,psut_side,psut_block_code,source_record_id,actividad_base_tj,actividad_emisiones_tj,grupo_factor,tratamiento_co2,anio_factor,estado_factor,ef_co2_kg_tj,ef_ch4_kg_tj,ef_n2o_kg_tj,gas_fuente,emision_fuente_kt_gas,co2_directo_kt,co2_biogenico_memo_kt,ch4_kt,n2o_kt,co2e_kt,estado_resultado,clave_notacion,metodo_calculo,fuente_id_actividad,fuente_id_factor,nota
EM|2018|BEV2_00085,2018,A,COMBUSTION,1.A.4.c,"Agricultura, silvicultura y pesca",LENA,FRONTERA_LENA_A,A,Supply,C,BEV2_00085,289754.9256,289754.9256,NO,BIOGENICO,2018,NO,,,,,,,,,,,NO,,SIN_CALCULO_NO,MEM_BEN,UNFCCC_GTM_CRT_2024,
EM|2018|BEV2_00029,2018,B,FUGITIVAS,1.B.1.a,Minería de carbón,CRBN,EXTRACCION_B,ENV,Supply,A,BEV2_00029,0,0,NO,FOSIL,2018,NO,,,,,,,,,,,NO,,SIN_CALCULO_NO,MEM_BEN,UNFCCC_GTM_CRT_2024,
EM|2018|BEV2_00099,2018,B,FUGITIVAS,1.B.2.a.ii,Producción y mejoramiento de petróleo,PETR,EXTRACCION_B,ENV,Supply,A,BEV2_00099,19402.7855,19402.7855,FUGITIVA_PETROLEO,FOSIL,2018,OBS,0.00688535055958847,0.0944734146548185,,,,0.00013359498,0,0.0018330474,,0.05145892218,CAL,,ACTIVIDAD_X_FE,MEM_BEN,UNFCCC_GTM_CRT_2024,CO2e parcial: N2O sin factor numérico; el total incluye solo los gases cuantificados.
EM|2018|BEV2_00006,2018,ENER,COMBUSTION,1.A.1.a.i,Generación de electricidad,BCANA,GENERACION_CENTRAL,ENER,Use,E,BEV2_00006,36013.4593,36013.4593,COMB_BCANA,BIOGENICO,2018,PRX,100000,30,4,,,0,3601.34593,1.080403779,0.1440538372,68.42557267,CAL,,ACTIVIDAD_X_FE,MEM_BEN,MARN_GTM_BTR1_2024,"Origen de factores: CO2: MARN_GTM_BTR1_2024 [PRX; BTR1 Guatemala 2024, tabla 3.6, p. 48; fila Otra biomasa sólida primaria; gas CO2]; CH4: MARN_GTM_BTR1_2024 [PRX; BTR1 Guatemala 2024, tabla 3.17, p. 57; fila Otra biomasa sólida primaria; gas CH4]; N2O: MARN_GTM_BTR1_2024 [PRX; BTR1 Guatemala 2024, tabla 3.17, p. 57; fila Otra biomasa sólida primaria; gas N2O]."
EM|2018|BEV2_00007,2018,ENER,COMBUSTION,1.A.1.a.i,Generación de electricidad,BCANA,AUTOPRODUCCION,ENER,Use,E,BEV2_00007,14642.362,14642.362,COMB_BCANA,BIOGENICO,2018,PRX,100000,30,4,,,0,1464.2362,0.43927086,0.058569448,27.8204878,CAL,,ACTIVIDAD_X_FE,MEM_BEN,MARN_GTM_BTR1_2024,"Origen de factores: CO2: MARN_GTM_BTR1_2024 [PRX; BTR1 Guatemala 2024, tabla 3.6, p. 48; fila Otra biomasa sólida primaria; gas CO2]; CH4: MARN_GTM_BTR1_2024 [PRX; BTR1 Guatemala 2024, tabla 3.17, p. 57; fila Otra biomasa sólida primaria; gas CH4]; N2O: MARN_GTM_BTR1_2024 [PRX; BTR1 Guatemala 2024, tabla 3.17, p. 57; fila Otra biomasa sólida primaria; gas N2O]."
EM|2018|BEV2_00020,2018,ENER,COMBUSTION,1.A.1.a.i,Generación de electricidad,BIOGAS,GENERACION_CENTRAL,ENER,Use,E,BEV2_00020,421.6898,421.6898,COMB_BIOGAS,BIOGENICO,2018,PRX,54600,1,0.1,,,0,23.02426308,0.0004216898,4.216898E-005,0.0229820941,CAL,,ACTIVIDAD_X_FE,MEM_BEN,MARN_GTM_BTR1_2024,"Origen de factores: CO2: MARN_GTM_BTR1_2024 [PRX; BTR1 Guatemala 2024, tabla 3.6, p. 48; fila Gas de vertedero; gas CO2]; CH4: MARN_GTM_BTR1_2024 [PRX; BTR1 Guatemala 2024, tabla 3.17, p. 57; fila Gas de vertedero; gas CH4]; N2O: MARN_GTM_BTR1_2024 [PRX; BTR1 Guatemala 2024, tabla 3.17, p. 57; fila Gas de vertedero; gas N2O]."
EM|2018|BEV2_00021,2018,ENER,COMBUSTION,1.A.1.a.i,Generación de electricidad,BIOGAS,AUTOPRODUCCION,ENER,Use,E,BEV2_00021,14.525,14.525,COMB_BIOGAS,BIOGENICO,2018,PRX,54600,1,0.1,,,0,0.793065,1.4525E-005,1.4525E-006,0.0007916125,CAL,,ACTIVIDAD_X_FE,MEM_BEN,MARN_GTM_BTR1_2024,"Origen de factores: CO2: MARN_GTM_BTR1_2024 [PRX; BTR1 Guatemala 2024, tabla 3.6, p. 48; fila Gas de vertedero; gas CO2]; CH4: MARN_GTM_BTR1_2024 [PRX; BTR1 Guatemala 2024, tabla 3.17, p. 57; fila Gas de vertedero; gas CH4]; N2O: MARN_GTM_BTR1_2024 [PRX; BTR1 Guatemala 2024, tabla 3.17, p. 57; fila Gas de vertedero; gas N2O]."
EM|2018|BEV2_00034,2018,ENER,COMBUSTION,1.A.1.a.i,Generación de electricidad,CRBN,GENERACION_CENTRAL,ENER,Use,E,BEV2_00034,51780.4049,51780.4049,COMB_CRBN,FOSIL,2018,PRX,98300,1,1.5,,,5090.01380167,0,0.0517804049,0.07767060735,5112.04636395495,CAL,,ACTIVIDAD_X_FE,MEM_BEN,MARN_GTM_BTR1_2024,"Origen de factores: CO2: MARN_GTM_BTR1_2024 [PRX; BTR1 Guatemala 2024, tabla 3.6, p. 48; fila Otro carbón bituminoso*; gas CO2]; CH4: MARN_GTM_BTR1_2024 [PRX; BTR1 Guatemala 2024, tabla 3.17, p. 57; fila Otro carbón bituminoso; gas CH4]; N2O: MARN_GTM_BTR1_2024 [PRX; BTR1 Guatemala 2024, tabla 3.17, p. 57; fila Otro carbón bituminoso; gas N2O]."
EM|2018|BEV2_00048,2018,ENER,COMBUSTION,1.A.1.a.i,Generación de electricidad,EOLICA,GENERACION_CENTRAL,ENER,Use,B,BEV2_00048,1166.7061,1166.7061,CERO_DIRECTO,SIN_EMISION_DIRECTA,2018,CAL,0,0,0,,,0,0,0,0,0,CAL,,CERO_DIRECTO,MEM_BEN,METODO_EMISIONES,
EM|2018|BEV2_00062,2018,ENER,COMBUSTION,1.A.1.a.i,Generación de electricidad,GEOE,GENERACION_CENTRAL,ENER,Use,B,BEV2_00062,10709.8635,10709.8635,CERO_DIRECTO,SIN_EMISION_DIRECTA,2018,CAL,0,0,0,,,0,0,0,0,0,CAL,,CERO_DIRECTO,MEM_BEN,METODO_EMISIONES,
EM|2018|BEV2_00076,2018,ENER,COMBUSTION,1.A.1.a.i,Generación de electricidad,HYDR,GENERACION_CENTRAL,ENER,Use,B,BEV2_00076,23801.3622,23801.3622,CERO_DIRECTO,SIN_EMISION_DIRECTA,2018,CAL,0,0,0,,,0,0,0,0,0,CAL,,CERO_DIRECTO,MEM_BEN,METODO_EMISIONES,
EM|2018|BEV2_00077,2018,ENER,COMBUSTION,1.A.1.a.i,Generación de electricidad,HYDR,AUTOPRODUCCION,ENER,Use,B,BEV2_00077,98.9443,98.9443,CERO_DIRECTO,SIN_EMISION_DIRECTA,2018,CAL,0,0,0,,,0,0,0,0,0,CAL,,CERO_DIRECTO,MEM_BEN,METODO_EMISIONES,
EM|2018|BEV2_00091,2018,ENER,COMBUSTION,1.A.1.a.i,Generación de electricidad,LENA,AUTOPRODUCCION,ENER,Use,E,BEV2_00091,2.8469,2.8469,COMB_LENA,BIOGENICO,2018,PRX,112000,30,4,,,0,0.3188528,8.5407E-005,1.13876E-005,0.00540911,CAL,,ACTIVIDAD_X_FE,MEM_BEN,MARN_GTM_BTR1_2024,"Origen de factores: CO2: MARN_GTM_BTR1_2024 [PRX; BTR1 Guatemala 2024, tabla 3.6, p. 48; fila Madera/desechos de madera; gas CO2]; CH4: MARN_GTM_BTR1_2024 [PRX; BTR1 Guatemala 2024, tabla 3.17, p. 57; fila Madera/desechos de madera; gas CH4]; N2O: MARN_GTM_BTR1_2024 [PRX; BTR1 Guatemala 2024, tabla 3.17, p. 57; fila Madera/desechos de madera; gas N2O]."
EM|2018|BEV2_00103,2018,ENER,COMBUSTION,1.A.1.b,Refinación de petróleo,PETR,TRANSFORMACION_REFINERIA,ENER,Use,E,BEV2_00103,5767.2965,2077.9477,LIQUID_FUELS,FOSIL,2018,OBS,74099.9997256909,2.9999985081434,0.600000664116811,,,153.975924,0,0.00623384,0.00124677,154.48086557,CAL,,ACTIVIDAD_X_FE,MEM_BEN,UNFCCC_GTM_CRT_2024,
EM|2018|BEV2_00118,2018,ENER,COMBUSTION,1.A.1.a.i,Generación de electricidad,SOLAR,GENERACION_CENTRAL,ENER,Use,B,BEV2_00118,736.1851,736.1851,CERO_DIRECTO,SIN_EMISION_DIRECTA,2018,CAL,0,0,0,,,0,0,0,0,0,CAL,,CERO_DIRECTO,MEM_BEN,METODO_EMISIONES,
EM|2018|BEV2_00132,2018,ENER,COMBUSTION,1.A.1.a.i,Generación de electricidad,COQUE,GENERACION_CENTRAL,ENER,Use,E,BEV2_00132,969.0499,969.0499,COMB_COQUE,FOSIL,2018,PRX,97500,3,0.6,,,94.48236525,0,0.0029071497,0.00058142994,94.7178443757,CAL,,ACTIVIDAD_X_FE,MEM_BEN,IPCC_2006_GL | MARN_GTM_BTR1_2024,"Origen de factores: CO2: MARN_GTM_BTR1_2024 [PRX; BTR1 Guatemala 2024, tabla 3.6, p. 48; fila Coque de petróleo; gas CO2]; CH4: IPCC_2006_GL [PRX; Volumen 2, capítulo 2, tabla 2.2, p. 2.16; fila Petroleum Coke; gas CH4]; N2O: IPCC_2006_GL [PRX; Volumen 2, capítulo 2, tabla 2.2, p. 2.16; fila Petroleum Coke; gas N2O]."
EM|2018|BEV2_00133,2018,ENER,COMBUSTION,1.A.1.a.i,Generación de electricidad,COQUE,AUTOPRODUCCION,ENER,Use,E,BEV2_00133,564.6739,564.6739,COMB_COQUE,FOSIL,2018,PRX,97500,3,0.6,,,55.05570525,0,0.0016940217,0.00033880434,55.1929210077,CAL,,ACTIVIDAD_X_FE,MEM_BEN,IPCC_2006_GL | MARN_GTM_BTR1_2024,"Origen de factores: CO2: MARN_GTM_BTR1_2024 [PRX; BTR1 Guatemala 2024, tabla 3.6, p. 48; fila Coque de petróleo; gas CO2]; CH4: IPCC_2006_GL [PRX; Volumen 2, capítulo 2, tabla 2.2, p. 2.16; fila Petroleum Coke; gas CH4]; N2O: IPCC_2006_GL [PRX; Volumen 2, capítulo 2, tabla 2.2, p. 2.16; fila Petroleum Coke; gas N2O]."
EM|2018|BEV2_00134,2018,ENER,COMBUSTION,1.A.1.c,Fabricación de combustibles sólidos y otras industrias de la energía,COQUE,USO_ENER,ENER,Use,E,BEV2_00134,5502.5348,5502.5348,NO,FOSIL,2018,NO,,,,,,,,,,,NO,,SIN_CALCULO_NO,MEM_BEN,UNFCCC_GTM_CRT_2024,
EM|2018|BEV2_00146,2018,ENER,COMBUSTION,1.A.1.a.i,Generación de electricidad,DOIL,GENERACION_CENTRAL,ENER,Use,E,BEV2_00146,47.7001,47.7001,COMB_DOIL,FOSIL,2018,PRX,74100,3,0.6,,,3.53457741,0,0.0001431003,2.862006E-005,3.5461685343,CAL,,ACTIVIDAD_X_FE,MEM_BEN,MARN_GTM_BTR1_2024,"Origen de factores: CO2: MARN_GTM_BTR1_2024 [PRX; BTR1 Guatemala 2024, tabla 3.6, p. 48; fila Gas/Diésel oíl; gas CO2]; CH4: MARN_GTM_BTR1_2024 [PRX; BTR1 Guatemala 2024, tabla 3.17, p. 57; fila Diésel; gas CH4]; N2O: MARN_GTM_BTR1_2024 [PRX; BTR1 Guatemala 2024, tabla 3.17, p. 57; fila Diésel; gas N2O]."
EM|2018|BEV2_00147,2018,ENER,COMBUSTION,1.A.1.a.i,Generación de electricidad,DOIL,AUTOPRODUCCION,ENER,Use,E,BEV2_00147,12.2591,12.2591,COMB_DOIL,FOSIL,2018,PRX,74100,3,0.6,,,0.90839931,0,3.67773E-005,7.35546E-006,0.9113782713,CAL,,ACTIVIDAD_X_FE,MEM_BEN,MARN_GTM_BTR1_2024,"Origen de factores: CO2: MARN_GTM_BTR1_2024 [PRX; BTR1 Guatemala 2024, tabla 3.6, p. 48; fila Gas/Diésel oíl; gas CO2]; CH4: MARN_GTM_BTR1_2024 [PRX; BTR1 Guatemala 2024, tabla 3.17, p. 57; fila Diésel; gas CH4]; N2O: MARN_GTM_BTR1_2024 [PRX; BTR1 Guatemala 2024, tabla 3.17, p. 57; fila Diésel; gas N2O]."
EM|2018|BEV2_00148,2018,ENER,COMBUSTION,1.A.1.c,Fabricación de combustibles sólidos y otras industrias de la energía,DOIL,USO_ENER,ENER,Use,E,BEV2_00148,2077.9465,2077.9465,NO,FOSIL,2018,NO,,,,,,,,,,,NO,,SIN_CALCULO_NO,MEM_BEN,UNFCCC_GTM_CRT_2024,
EM|2018|BEV2_00160,2018,ENER,COMBUSTION,1.A.1.a.i,Generación de electricidad,ELEC,GENERACION_CENTRAL,ENER,Supply,C,BEV2_00160,47093.5941,47093.5941,CERO_DIRECTO,SIN_EMISION_DIRECTA,2018,CAL,0,0,0,,,0,0,0,0,0,CAL,,CERO_DIRECTO,MEM_BEN,METODO_EMISIONES,
EM|2018|BEV2_00161,2018,ENER,COMBUSTION,1.A.1.a.i,Generación de electricidad,ELEC,AUTOPRODUCCION,ENER,Supply,C,BEV2_00161,3763.718,3763.718,CERO_DIRECTO,SIN_EMISION_DIRECTA,2018,CAL,0,0,0,,,0,0,0,0,0,CAL,,CERO_DIRECTO,MEM_BEN,METODO_EMISIONES,
EM|2018|BEV2_00162,2018,ENER,COMBUSTION,1.A.1.c,Fabricación de combustibles sólidos y otras industrias de la energía,ELEC,USO_ENER,ENER,Use,E,BEV2_00162,2788.9162,2788.9162,CERO_DIRECTO,SIN_EMISION_DIRECTA,2018,CAL,0,0,0,,,0,0,0,0,0,CAL,,CERO_DIRECTO,MEM_BEN,METODO_EMISIONES,
EM|2018|BEV2_00174,2018,ENER,COMBUSTION,1.A.1.a.i,Generación de electricidad,FOIL,GENERACION_CENTRAL,ENER,Use,E,BEV2_00174,3481.6425,3481.6425,COMB_FOIL,FOSIL,2018,PRX,77400,3,0.6,,,269.4791295,0,0.0104449275,0.0020889855,270.3251686275,CAL,,ACTIVIDAD_X_FE,MEM_BEN,MARN_GTM_BTR1_2024,"Origen de factores: CO2: MARN_GTM_BTR1_2024 [PRX; BTR1 Guatemala 2024, tabla 3.6, p. 48; fila Fuelóleo residual; gas CO2]; CH4: MARN_GTM_BTR1_2024 [PRX; BTR1 Guatemala 2024, tabla 3.17, p. 57; fila Fuelóleo residual; gas CH4]; N2O: MARN_GTM_BTR1_2024 [PRX; BTR1 Guatemala 2024, tabla 3.17, p. 57; fila Fuelóleo residual; gas N2O]."
EM|2018|BEV2_00094,2018,HH,COMBUSTION,1.A.4.b,Residencial,LENA,USO_HH,HH,Use,F,BEV2_00094,281062.2941,281062.2941,BIOMASS,BIOGENICO,2018,OBS,112000.000099622,300.000000355793,3.99999998576829,,,0,31478.9769672,84.31868833,1.1242491724,2658.849303926,CAL,,ACTIVIDAD_X_FE,MEM_BEN,UNFCCC_GTM_CRT_2024,
EM|2018|BEV2_00164,2018,HH,COMBUSTION,1.A.4.b,Residencial,ELEC,USO_HH,HH,Use,F,BEV2_00164,13215.6584,13215.6584,CERO_DIRECTO,SIN_EMISION_DIRECTA,2018,CAL,0,0,0,,,0,0,0,0,0,CAL,,CERO_DIRECTO,MEM_BEN,METODO_EMISIONES,
EM|2018|BEV2_00206,2018,HH,COMBUSTION,1.A.4.b,Residencial,GLP,USO_HH,HH,Use,F,BEV2_00206,14368.8853,14368.8853,COMB_GLP,FOSIL,2018,PRX,63100,5,0.1,,,906.67666243,0,0.0718444265,0.00143688853,909.06908183245,CAL,,ACTIVIDAD_X_FE,MEM_BEN,MARN_GTM_BTR1_2024,"Origen de factores: CO2: MARN_GTM_BTR1_2024 [PRX; BTR1 Guatemala 2024, tabla 3.6, p. 48; fila Gases licuados de petróleo; gas CO2]; CH4: MARN_GTM_BTR1_2024 [PRX; BTR1 Guatemala 2024, tabla 3.33, p. 70; fila Gases licuados de petróleo; gas CH4]; N2O: MARN_GTM_BTR1_2024 [PRX; BTR1 Guatemala 2024, tabla 3.33, p. 70; fila Gases licuados de petróleo; gas N2O]."
EM|2018|BEV2_00220,2018,HH,COMBUSTION,1.A.4.b,Residencial,KER,USO_HH,HH,Use,F,BEV2_00220,20.6836,20.6836,COMB_KER,FOSIL,2018,PRX,71900,10,0.6,,,1.48715084,0,0.000206836,1.241016E-005,1.4962309404,CAL,,ACTIVIDAD_X_FE,MEM_BEN,MARN_GTM_BTR1_2024,"Origen de factores: CO2: MARN_GTM_BTR1_2024 [PRX; BTR1 Guatemala 2024, tabla 3.6, p. 48; fila Otro queroseno; gas CO2]; CH4: MARN_GTM_BTR1_2024 [PRX; BTR1 Guatemala 2024, tabla 3.33, p. 70; fila Otro queroseno; gas CH4]; N2O: MARN_GTM_BTR1_2024 [PRX; BTR1 Guatemala 2024, tabla 3.33, p. 70; fila Otro queroseno; gas N2O]."
EM|2018|BEV2_00138,2018,IND_BEN,COMBUSTION,1.A.2,Industrias manufactureras y construcción,COQUE,USO_IND_BEN,IND_BEN,Use,E,BEV2_00138,6626.305,6626.305,COMB_COQUE,FOSIL,2018,PRX,97500,3,0.6,,,646.0647375,0,0.019878915,0.003975783,647.674929615,CAL,,ACTIVIDAD_X_FE,MEM_BEN,MARN_GTM_BTR1_2024,"Origen de factores: CO2: MARN_GTM_BTR1_2024 [PRX; BTR1 Guatemala 2024, tabla 3.6, p. 48; fila Coque de petróleo; gas CO2]; CH4: MARN_GTM_BTR1_2024 [PRX; BTR1 Guatemala 2024, tabla 3.22, p. 62; fila Coque de petróleo; gas CH4]; N2O: MARN_GTM_BTR1_2024 [PRX; BTR1 Guatemala 2024, tabla 3.22, p. 62; fila Coque de petróleo; gas N2O]."
EM|2018|BEV2_00152,2018,IND_BEN,COMBUSTION,1.A.2,Industrias manufactureras y construcción,DOIL,USO_IND_BEN,IND_BEN,Use,E,BEV2_00152,5767.2965,5767.2965,COMB_DOIL,FOSIL,2018,PRX,74100,3,0.6,,,427.35667065,0,0.0173018895,0.0034603779,428.7581236995,CAL,,ACTIVIDAD_X_FE,MEM_BEN,MARN_GTM_BTR1_2024,"Origen de factores: CO2: MARN_GTM_BTR1_2024 [PRX; BTR1 Guatemala 2024, tabla 3.6, p. 48; fila Gas/Diésel oíl; gas CO2]; CH4: MARN_GTM_BTR1_2024 [PRX; BTR1 Guatemala 2024, tabla 3.22, p. 62; fila Diésel; gas CH4]; N2O: MARN_GTM_BTR1_2024 [PRX; BTR1 Guatemala 2024, tabla 3.22, p. 62; fila Diésel; gas N2O]."
EM|2018|BEV2_00166,2018,IND_BEN,COMBUSTION,1.A.2,Industrias manufactureras y construcción,ELEC,USO_IND_BEN,IND_BEN,Use,E,BEV2_00166,13303.157,13303.157,CERO_DIRECTO,SIN_EMISION_DIRECTA,2018,CAL,0,0,0,,,0,0,0,0,0,CAL,,CERO_DIRECTO,MEM_BEN,METODO_EMISIONES,
EM|2018|BEV2_00180,2018,IND_BEN,COMBUSTION,1.A.2,Industrias manufactureras y construcción,FOIL,USO_IND_BEN,IND_BEN,Use,E,BEV2_00180,6938.5344,6938.5344,COMB_FOIL,FOSIL,2018,PRX,77400,3,0.6,,,537.04256256,0,0.0208156032,0.00416312064,538.7286264192,CAL,,ACTIVIDAD_X_FE,MEM_BEN,MARN_GTM_BTR1_2024,"Origen de factores: CO2: MARN_GTM_BTR1_2024 [PRX; BTR1 Guatemala 2024, tabla 3.6, p. 48; fila Fuelóleo residual; gas CO2]; CH4: MARN_GTM_BTR1_2024 [PRX; BTR1 Guatemala 2024, tabla 3.22, p. 62; fila Fuelóleo residual; gas CH4]; N2O: MARN_GTM_BTR1_2024 [PRX; BTR1 Guatemala 2024, tabla 3.22, p. 62; fila Fuelóleo residual; gas N2O]."
EM|2018|BEV2_00194,2018,IND_BEN,COMBUSTION,1.A.2,Industrias manufactureras y construcción,GAS,USO_IND_BEN,IND_BEN,Use,E,BEV2_00194,1406.8334,1406.8334,COMB_GAS,FOSIL,2018,PRX,69300,3,0.6,,,97.49355462,0,0.0042205002,0.00084410004,97.8354151362,CAL,,ACTIVIDAD_X_FE,MEM_BEN,MARN_GTM_BTR1_2024,"Origen de factores: CO2: MARN_GTM_BTR1_2024 [PRX; BTR1 Guatemala 2024, tabla 3.6, p. 48; fila Gasolina para motores; gas CO2]; CH4: MARN_GTM_BTR1_2024 [PRX; BTR1 Guatemala 2024, tabla 3.22, p. 62; fila Gasolina para motores; gas CH4]; N2O: MARN_GTM_BTR1_2024 [PRX; BTR1 Guatemala 2024, tabla 3.22, p. 62; fila Gasolina para motores; gas N2O]."
EM|2018|BEV2_00208,2018,IND_BEN,COMBUSTION,1.A.2,Industrias manufactureras y construcción,GLP,USO_IND_BEN,IND_BEN,Use,E,BEV2_00208,3732.1697,3732.1697,COMB_GLP,FOSIL,2018,PRX,63100,1,0.1,,,235.49990807,0,0.0037321697,0.00037321697,235.70331131865,CAL,,ACTIVIDAD_X_FE,MEM_BEN,MARN_GTM_BTR1_2024,"Origen de factores: CO2: MARN_GTM_BTR1_2024 [PRX; BTR1 Guatemala 2024, tabla 3.6, p. 48; fila Gases licuados de petróleo; gas CO2]; CH4: MARN_GTM_BTR1_2024 [PRX; BTR1 Guatemala 2024, tabla 3.22, p. 62; fila Gases licuados de petróleo; gas CH4]; N2O: MARN_GTM_BTR1_2024 [PRX; BTR1 Guatemala 2024, tabla 3.22, p. 62; fila Gases licuados de petróleo; gas N2O]."
EM|2018|BEV2_00222,2018,IND_BEN,COMBUSTION,1.A.2,Industrias manufactureras y construcción,KER,USO_IND_BEN,IND_BEN,Use,E,BEV2_00222,2.9631,2.9631,COMB_KER,FOSIL,2018,PRX,71900,3,0.6,,,0.21304689,0,8.8893E-006,1.77786E-006,0.2137669233,CAL,,ACTIVIDAD_X_FE,MEM_BEN,MARN_GTM_BTR1_2024,"Origen de factores: CO2: MARN_GTM_BTR1_2024 [PRX; BTR1 Guatemala 2024, tabla 3.6, p. 48; fila Otro queroseno; gas CO2]; CH4: MARN_GTM_BTR1_2024 [PRX; BTR1 Guatemala 2024, tabla 3.22, p. 62; fila Otro queroseno; gas CH4]; N2O: MARN_GTM_BTR1_2024 [PRX; BTR1 Guatemala 2024, tabla 3.22, p. 62; fila Otro queroseno; gas N2O]."
EM|2018|BEV2_00095,2018,SERV,COMBUSTION,1.A.4.a,Comercial e institucional,LENA,USO_SERV,SERV,Use,E,BEV2_00095,8692.6315,8692.6315,BIOMASS,BIOGENICO,2018,OBS,112000.000101235,299.99999965488,4.00000045555799,,,0,973.57472888,2.607789447,0.0347705299599977,82.2322949553994,CAL,,ACTIVIDAD_X_FE,MEM_BEN,UNFCCC_GTM_CRT_2024,
EM|2018|BEV2_00165,2018,SERV,COMBUSTION,1.A.4.a,Comercial e institucional,ELEC,USO_SERV,SERV,Use,E,BEV2_00165,10273.0096,10273.0096,CERO_DIRECTO,SIN_EMISION_DIRECTA,2018,CAL,0,0,0,,,0,0,0,0,0,CAL,,CERO_DIRECTO,MEM_BEN,METODO_EMISIONES,
EM|2018|BEV2_00193,2018,SERV,COMBUSTION,1.A.4.a,Comercial e institucional,GAS,USO_SERV,SERV,Use,E,BEV2_00193,351.6793,351.6793,COMB_GAS,FOSIL,2018,PRX,69300,10,0.6,,,24.37137549,0,0.003516793,0.00021100758,24.5257627027,CAL,,ACTIVIDAD_X_FE,MEM_BEN,MARN_GTM_BTR1_2024,"Origen de factores: CO2: MARN_GTM_BTR1_2024 [PRX; BTR1 Guatemala 2024, tabla 3.6, p. 48; fila Gasolina para motores; gas CO2]; CH4: MARN_GTM_BTR1_2024 [PRX; BTR1 Guatemala 2024, tabla 3.33, p. 70; fila Gasolina para motores; gas CH4]; N2O: MARN_GTM_BTR1_2024 [PRX; BTR1 Guatemala 2024, tabla 3.33, p. 70; fila Gasolina para motores; gas N2O]."
EM|2018|BEV2_00207,2018,SERV,COMBUSTION,1.A.4.a,Comercial e institucional,GLP,USO_SERV,SERV,Use,E,BEV2_00207,373.2344,373.2344,COMB_GLP,FOSIL,2018,PRX,63100,5,0.1,,,23.55109064,0,0.001866172,3.732344E-005,23.6132341676,CAL,,ACTIVIDAD_X_FE,MEM_BEN,MARN_GTM_BTR1_2024,"Origen de factores: CO2: MARN_GTM_BTR1_2024 [PRX; BTR1 Guatemala 2024, tabla 3.6, p. 48; fila Gases licuados de petróleo; gas CO2]; CH4: MARN_GTM_BTR1_2024 [PRX; BTR1 Guatemala 2024, tabla 3.33, p. 70; fila Gases licuados de petróleo; gas CH4]; N2O: MARN_GTM_BTR1_2024 [PRX; BTR1 Guatemala 2024, tabla 3.33, p. 70; fila Gases licuados de petróleo; gas N2O]."
EM|2018|BEV2_00221,2018,SERV,COMBUSTION,1.A.4.a,Comercial e institucional,KER,USO_SERV,SERV,Use,E,BEV2_00221,0.9877,0.9877,COMB_KER,FOSIL,2018,PRX,71900,10,0.6,,,0.07101563,0,9.877E-006,5.9262E-007,0.0714492303,CAL,,ACTIVIDAD_X_FE,MEM_BEN,MARN_GTM_BTR1_2024,"Origen de factores: CO2: MARN_GTM_BTR1_2024 [PRX; BTR1 Guatemala 2024, tabla 3.6, p. 48; fila Otro queroseno; gas CO2]; CH4: MARN_GTM_BTR1_2024 [PRX; BTR1 Guatemala 2024, tabla 3.33, p. 70; fila Otro queroseno; gas CH4]; N2O: MARN_GTM_BTR1_2024 [PRX; BTR1 Guatemala 2024, tabla 3.33, p. 70; fila Otro queroseno; gas N2O]."
EM|2018|BEV2_00149,2018,TR_BEN,COMBUSTION,1.A.3,Transporte,DOIL,USO_TR_BEN,TR_BEN,Use,E,BEV2_00149,66323.7064,66323.7064,COMB_DOIL,FOSIL,2018,OBS,74099.999965774,3.89999993471418,3.89999993471418,,,4914.58664197,0,0.258662450630003,0.258662450630003,4990.37474000459,CAL,,ACTIVIDAD_X_FE,MEM_BEN,UNFCCC_GTM_CRT_2024,Origen de factores: CO2: UNFCCC_GTM_CRT_2024 [OBS; GTM-CRT-2024-V0.3-2018-20250304-084824_started.xlsx; Table1.A(a)s3; AD=C22; EM=H22; IEF=E22]; CH4: UNFCCC_GTM_CRT_2024 [OBS; GTM-CRT-2024-V0.3-2018-20250304-084824_started.xlsx; Table1.A(a)s3; AD=C22; EM=I22; IEF=F22]; N2O: UNFCCC_GTM_CRT_2024 [OBS; GTM-CRT-2024-V0.3-2018-20250304-084824_started.xlsx; Table1.A(a)s3; AD=C22; EM=J22; IEF=G22].
EM|2018|BEV2_00191,2018,TR_BEN,COMBUSTION,1.A.3,Transporte,GAS,USO_TR_BEN,TR_BEN,Use,E,BEV2_00191,68640.2696,68640.2696,COMB_GAS,FOSIL,2018,PRX,69300.5776701508,32.9731772842898,3.19900961230507,,,4756.81033471489,0,2.26328777836225,0.219580882241611,4878.37132630306,CAL,,ACTIVIDAD_X_FE,MEM_BEN,UNFCCC_GTM_CRT_2024,Origen de factores: CO2: UNFCCC_GTM_CRT_2024 [PRX; GTM-CRT-2024-V0.3-2018-20250304-084824_started.xlsx; Table1.A(a)s3; AD=C17+C21; EM=H17+H21; IEF=E17+E21]; CH4: UNFCCC_GTM_CRT_2024 [PRX; GTM-CRT-2024-V0.3-2018-20250304-084824_started.xlsx; Table1.A(a)s3; AD=C17+C21; EM=I17+I21; IEF=F17+F21]; N2O: UNFCCC_GTM_CRT_2024 [PRX; GTM-CRT-2024-V0.3-2018-20250304-084824_started.xlsx; Table1.A(a)s3; AD=C17+C21; EM=J17+J21; IEF=G17+G21].
EM|2018|BEV2_00205,2018,TR_BEN,COMBUSTION,1.A.3,Transporte,GLP,USO_TR_BEN,TR_BEN,Use,E,BEV2_00205,186.6172,186.6172,COMB_GLP,FOSIL,2018,OBS,63099.9998135221,61.9999834098989,0.199997526488808,,,11.7755452852,0,0.0115702633040018,3.73229784002671E-005,12.1094032469881,CAL,,ACTIVIDAD_X_FE,MEM_BEN,UNFCCC_GTM_CRT_2024,Origen de factores: CO2: UNFCCC_GTM_CRT_2024 [OBS; GTM-CRT-2024-V0.3-2018-20250304-084824_started.xlsx; Table1.A(a)s3; AD=C23; EM=H23; IEF=E23]; CH4: UNFCCC_GTM_CRT_2024 [OBS; GTM-CRT-2024-V0.3-2018-20250304-084824_started.xlsx; Table1.A(a)s3; AD=C23; EM=I23; IEF=F23]; N2O: UNFCCC_GTM_CRT_2024 [OBS; GTM-CRT-2024-V0.3-2018-20250304-084824_started.xlsx; Table1.A(a)s3; AD=C23; EM=J23; IEF=G23].
EM|2018|BEV2_00219,2018,TR_BEN,COMBUSTION,1.A.3,Transporte,KER,USO_TR_BEN,TR_BEN,Use,E,BEV2_00219,4421.41,4421.41,COMB_KER,FOSIL,2018,PRX,71500,0.5,2,,,316.130815,0,0.002210705,0.00884282,318.53606204,CAL,,ACTIVIDAD_X_FE,MEM_BEN,IPCC_2006_GL,"Origen de factores: CO2: IPCC_2006_GL [PRX; Volumen 2, capítulo 3, tabla 3.6.4, p. 3.64; fila Jet Kerosene; gas CO2]; CH4: IPCC_2006_GL [PRX; Volumen 2, capítulo 3, tabla 3.6.5, p. 3.64; fila All fuels; gas CH4]; N2O: IPCC_2006_GL [PRX; Volumen 2, capítulo 3, tabla 3.6.5, p. 3.64; fila All fuels; gas N2O]."
EM|2018|AGR|3.A|CH4,2018,A,AGRICULTURA,3.A,Fermentación entérica,,EMISION_OBSERVADA_CRT,A,,,AGR|2018|3.A|CH4,,,AGRICULTURA_CRT,NO_APLICA,2018,OBS,,,,CH4,167.645486,0,0,167.645486,0,4694.073608,OBS,,EMISION_OBSERVADA_CRT,UNFCCC_GTM_CRT_2024,UNFCCC_GTM_CRT_2024,
EM|2018|AGR|3.B|CH4,2018,A,AGRICULTURA,3.B,Gestión del estiércol,,EMISION_OBSERVADA_CRT,A,,,AGR|2018|3.B|CH4,,,AGRICULTURA_CRT,NO_APLICA,2018,OBS,,,,CH4,5.91906983,0,0,5.91906983,0,165.73395524,OBS,,EMISION_OBSERVADA_CRT,UNFCCC_GTM_CRT_2024,UNFCCC_GTM_CRT_2024,
EM|2018|AGR|3.B|N2O,2018,A,AGRICULTURA,3.B,Gestión del estiércol,,EMISION_OBSERVADA_CRT,A,,,AGR|2018|3.B|N2O,,,AGRICULTURA_CRT,NO_APLICA,2018,OBS,,,,N2O,0.868634599923576,0,0,0,0.868634599923576,230.188168979748,OBS,,EMISION_OBSERVADA_CRT,UNFCCC_GTM_CRT_2024,UNFCCC_GTM_CRT_2024,
EM|2018|AGR|3.C|CH4,2018,A,AGRICULTURA,3.C,Cultivo de arroz,,EMISION_OBSERVADA_CRT,A,,,AGR|2018|3.C|CH4,,,AGRICULTURA_CRT,NO_APLICA,2018,OBS,,,,CH4,0.73345698195,0,0,0.73345698195,0,20.5367954946,OBS,,EMISION_OBSERVADA_CRT,UNFCCC_GTM_CRT_2024,UNFCCC_GTM_CRT_2024,
EM|2018|AGR|3.D|N2O,2018,A,AGRICULTURA,3.D,Suelos agrícolas,,EMISION_OBSERVADA_CRT,A,,,AGR|2018|3.D|N2O,,,AGRICULTURA_CRT,NO_APLICA,2018,OBS,,,,N2O,5.51640030403902,0,0,0,5.51640030403902,1461.84608057034,OBS,,EMISION_OBSERVADA_CRT,UNFCCC_GTM_CRT_2024,UNFCCC_GTM_CRT_2024,
EM|2018|AGR|3.E|CH4,2018,A,AGRICULTURA,3.E,Quema prescrita de sabanas,,EMISION_OBSERVADA_CRT,A,,,AGR|2018|3.E|CH4,,,AGRICULTURA_CRT,NO_APLICA,2018,OBS,,,,CH4,3.427926184194,0,0,3.427926184194,0,95.981933157432,OBS,,EMISION_OBSERVADA_CRT,UNFCCC_GTM_CRT_2024,UNFCCC_GTM_CRT_2024,
EM|2018|AGR|3.E|N2O,2018,A,AGRICULTURA,3.E,Quema prescrita de sabanas,,EMISION_OBSERVADA_CRT,A,,,AGR|2018|3.E|N2O,,,AGRICULTURA_CRT,NO_APLICA,2018,OBS,,,,N2O,0.3129845646438,0,0,0,0.3129845646438,82.940909630607,OBS,,EMISION_OBSERVADA_CRT,UNFCCC_GTM_CRT_2024,UNFCCC_GTM_CRT_2024,
EM|2018|AGR|3.F|CH4,2018,A,AGRICULTURA,3.F,Quema de residuos agrícolas en el campo,,TOTAL_SECTOR_MENOS_COMPONENTES,A,,,AGR|2018|3.F|CH4,,,AGRICULTURA_CRT,NO_APLICA,2018,CAL,,,,CH4,5.22897923783253,0,0,5.22897923783253,0,146.411418659311,CAL,,TOTAL_SECTOR_MENOS_COMPONENTES,UNFCCC_GTM_CRT_2024,UNFCCC_GTM_CRT_2024,
EM|2018|AGR|3.F|N2O,2018,A,AGRICULTURA,3.F,Quema de residuos agrícolas en el campo,,TOTAL_SECTOR_MENOS_COMPONENTES,A,,,AGR|2018|3.F|N2O,,,AGRICULTURA_CRT,NO_APLICA,2018,CAL,,,,N2O,0.13556612838825,0,0,0,0.13556612838825,35.9250240228863,CAL,,TOTAL_SECTOR_MENOS_COMPONENTES,UNFCCC_GTM_CRT_2024,UNFCCC_GTM_CRT_2024,
EM|2018|AGR|3.G|NO,2018,A,AGRICULTURA,3.G,Encalado,,SIN_CALCULO_NO,A,,,AGR|2018|3.G|NO,,,NO,NO_APLICA,2018,NO,,,,NO,,,,,,,NO,NO,SIN_CALCULO_NO,UNFCCC_GTM_CRT_2024,,
EM|2018|AGR|3.H|CO2,2018,A,AGRICULTURA,3.H,Aplicación de urea,,EMISION_OBSERVADA_CRT,A,,,AGR|2018|3.H|CO2,,,AGRICULTURA_CRT,FOSIL,2018,OBS,,,,CO2,37.309224652,37.309224652,0,0,0,37.309224652,OBS,,EMISION_OBSERVADA_CRT,UNFCCC_GTM_CRT_2024,UNFCCC_GTM_CRT_2024,
EM|2018|AGR|3.I|NO,2018,A,AGRICULTURA,3.I,Otros fertilizantes que contienen carbono,,SIN_CALCULO_NO,A,,,AGR|2018|3.I|NO,,,NO,NO_APLICA,2018,NO,,,,NO,,,,,,,NO,NO,SIN_CALCULO_NO,UNFCCC_GTM_CRT_2024,,
EM|2018|AGR|3.J|NO,2018,A,AGRICULTURA,3.J,Otros,,SIN_CALCULO_NO,A,,,AGR|2018|3.J|NO,,,NO,NO_APLICA,2018,NO,,,,NO,,,,,,,NO,NO,SIN_CALCULO_NO,UNFCCC_GTM_CRT_2024,,
EM|2019|BEV2_00323,2019,A,COMBUSTION,1.A.4.c,"Agricultura, silvicultura y pesca",LENA,FRONTERA_LENA_A,A,Supply,C,BEV2_00323,295324.624,295324.624,NO,BIOGENICO,2019,NO,,,,,,,,,,,NO,,SIN_CALCULO_NO,MEM_BEN,UNFCCC_GTM_CRT_2024,
EM|2019|BEV2_00267,2019,B,FUGITIVAS,1.B.1.a,Minería de carbón,CRBN,EXTRACCION_B,ENV,Supply,A,BEV2_00267,0,0,NO,FOSIL,2019,NO,,,,,,,,,,,NO,,SIN_CALCULO_NO,MEM_BEN,UNFCCC_GTM_CRT_2024,
EM|2019|BEV2_00337,2019,B,FUGITIVAS,1.B.2.a.ii,Producción y mejoramiento de petróleo,PETR,EXTRACCION_B,ENV,Supply,A,BEV2_00337,20207.7029,20207.7029,FUGITIVA_PETROLEO,FOSIL,2019,OBS,0.00676920086745733,0.0928774541712012,,,,0.00013679,0,0.00187684,,0.05268831,CAL,,ACTIVIDAD_X_FE,MEM_BEN,UNFCCC_GTM_CRT_2024,CO2e parcial: N2O sin factor numérico; el total incluye solo los gases cuantificados.
EM|2019|BEV2_00244,2019,ENER,COMBUSTION,1.A.1.a.i,Generación de electricidad,BCANA,GENERACION_CENTRAL,ENER,Use,E,BEV2_00244,48577.41,48577.41,COMB_BCANA,BIOGENICO,2019,PRX,100000,30,4,,,0,4857.741,1.4573223,0.19430964,92.297079,CAL,,ACTIVIDAD_X_FE,MEM_BEN,MARN_GTM_BTR1_2024,"Origen de factores: CO2: MARN_GTM_BTR1_2024 [PRX; BTR1 Guatemala 2024, tabla 3.6, p. 48; fila Otra biomasa sólida primaria; gas CO2]; CH4: MARN_GTM_BTR1_2024 [PRX; BTR1 Guatemala 2024, tabla 3.17, p. 57; fila Otra biomasa sólida primaria; gas CH4]; N2O: MARN_GTM_BTR1_2024 [PRX; BTR1 Guatemala 2024, tabla 3.17, p. 57; fila Otra biomasa sólida primaria; gas N2O]."
EM|2019|BEV2_00245,2019,ENER,COMBUSTION,1.A.1.a.i,Generación de electricidad,BCANA,AUTOPRODUCCION,ENER,Use,E,BEV2_00245,4485.0295,4485.0295,COMB_BCANA,BIOGENICO,2019,PRX,100000,30,4,,,0,448.50295,0.134550885,0.017940118,8.52155605,CAL,,ACTIVIDAD_X_FE,MEM_BEN,MARN_GTM_BTR1_2024,"Origen de factores: CO2: MARN_GTM_BTR1_2024 [PRX; BTR1 Guatemala 2024, tabla 3.6, p. 48; fila Otra biomasa sólida primaria; gas CO2]; CH4: MARN_GTM_BTR1_2024 [PRX; BTR1 Guatemala 2024, tabla 3.17, p. 57; fila Otra biomasa sólida primaria; gas CH4]; N2O: MARN_GTM_BTR1_2024 [PRX; BTR1 Guatemala 2024, tabla 3.17, p. 57; fila Otra biomasa sólida primaria; gas N2O]."
EM|2019|BEV2_00258,2019,ENER,COMBUSTION,1.A.1.a.i,Generación de electricidad,BIOGAS,GENERACION_CENTRAL,ENER,Use,E,BEV2_00258,293.5793,293.5793,COMB_BIOGAS,BIOGENICO,2019,PRX,54600,1,0.1,,,0,16.02942978,0.0002935793,2.935793E-005,0.01600007185,CAL,,ACTIVIDAD_X_FE,MEM_BEN,MARN_GTM_BTR1_2024,"Origen de factores: CO2: MARN_GTM_BTR1_2024 [PRX; BTR1 Guatemala 2024, tabla 3.6, p. 48; fila Gas de vertedero; gas CO2]; CH4: MARN_GTM_BTR1_2024 [PRX; BTR1 Guatemala 2024, tabla 3.17, p. 57; fila Gas de vertedero; gas CH4]; N2O: MARN_GTM_BTR1_2024 [PRX; BTR1 Guatemala 2024, tabla 3.17, p. 57; fila Gas de vertedero; gas N2O]."
EM|2019|BEV2_00259,2019,ENER,COMBUSTION,1.A.1.a.i,Generación de electricidad,BIOGAS,AUTOPRODUCCION,ENER,Use,E,BEV2_00259,19.173,19.173,COMB_BIOGAS,BIOGENICO,2019,PRX,54600,1,0.1,,,0,1.0468458,1.9173E-005,1.9173E-006,0.0010449285,CAL,,ACTIVIDAD_X_FE,MEM_BEN,MARN_GTM_BTR1_2024,"Origen de factores: CO2: MARN_GTM_BTR1_2024 [PRX; BTR1 Guatemala 2024, tabla 3.6, p. 48; fila Gas de vertedero; gas CO2]; CH4: MARN_GTM_BTR1_2024 [PRX; BTR1 Guatemala 2024, tabla 3.17, p. 57; fila Gas de vertedero; gas CH4]; N2O: MARN_GTM_BTR1_2024 [PRX; BTR1 Guatemala 2024, tabla 3.17, p. 57; fila Gas de vertedero; gas N2O]."
EM|2019|BEV2_00272,2019,ENER,COMBUSTION,1.A.1.a.i,Generación de electricidad,CRBN,GENERACION_CENTRAL,ENER,Use,E,BEV2_00272,50546.1285,50546.1285,COMB_CRBN,FOSIL,2019,PRX,98300,1,1.5,,,4968.68443155,0,0.0505461285,0.07581919275,4990.19180922675,CAL,,ACTIVIDAD_X_FE,MEM_BEN,MARN_GTM_BTR1_2024,"Origen de factores: CO2: MARN_GTM_BTR1_2024 [PRX; BTR1 Guatemala 2024, tabla 3.6, p. 48; fila Otro carbón bituminoso*; gas CO2]; CH4: MARN_GTM_BTR1_2024 [PRX; BTR1 Guatemala 2024, tabla 3.17, p. 57; fila Otro carbón bituminoso; gas CH4]; N2O: MARN_GTM_BTR1_2024 [PRX; BTR1 Guatemala 2024, tabla 3.17, p. 57; fila Otro carbón bituminoso; gas N2O]."
EM|2019|BEV2_00286,2019,ENER,COMBUSTION,1.A.1.a.i,Generación de electricidad,EOLICA,GENERACION_CENTRAL,ENER,Use,B,BEV2_00286,794.8661,794.8661,CERO_DIRECTO,SIN_EMISION_DIRECTA,2019,CAL,0,0,0,,,0,0,0,0,0,CAL,,CERO_DIRECTO,MEM_BEN,METODO_EMISIONES,
EM|2019|BEV2_00300,2019,ENER,COMBUSTION,1.A.1.a.i,Generación de electricidad,GEOE,GENERACION_CENTRAL,ENER,Use,B,BEV2_00300,10815.4893,10815.4893,CERO_DIRECTO,SIN_EMISION_DIRECTA,2019,CAL,0,0,0,,,0,0,0,0,0,CAL,,CERO_DIRECTO,MEM_BEN,METODO_EMISIONES,
EM|2019|BEV2_00314,2019,ENER,COMBUSTION,1.A.1.a.i,Generación de electricidad,HYDR,GENERACION_CENTRAL,ENER,Use,B,BEV2_00314,26294.2589,26294.2589,CERO_DIRECTO,SIN_EMISION_DIRECTA,2019,CAL,0,0,0,,,0,0,0,0,0,CAL,,CERO_DIRECTO,MEM_BEN,METODO_EMISIONES,
EM|2019|BEV2_00315,2019,ENER,COMBUSTION,1.A.1.a.i,Generación de electricidad,HYDR,AUTOPRODUCCION,ENER,Use,B,BEV2_00315,96.5622,96.5622,CERO_DIRECTO,SIN_EMISION_DIRECTA,2019,CAL,0,0,0,,,0,0,0,0,0,CAL,,CERO_DIRECTO,MEM_BEN,METODO_EMISIONES,
EM|2019|BEV2_00341,2019,ENER,COMBUSTION,1.A.1.b,Refinación de petróleo,PETR,TRANSFORMACION_REFINERIA,ENER,Use,E,BEV2_00341,5391.6219,7.51205924,LIQUID_FUELS,FOSIL,2019,OBS,72715.1174595902,2.9999763420396,0.599995268407921,,,0.54624027,0,2.2536E-005,4.5072E-006,0.548065686,CAL,,ACTIVIDAD_X_FE,MEM_BEN,UNFCCC_GTM_CRT_2024,
EM|2019|BEV2_00356,2019,ENER,COMBUSTION,1.A.1.a.i,Generación de electricidad,SOLAR,GENERACION_CENTRAL,ENER,Use,B,BEV2_00356,715.4434,715.4434,CERO_DIRECTO,SIN_EMISION_DIRECTA,2019,CAL,0,0,0,,,0,0,0,0,0,CAL,,CERO_DIRECTO,MEM_BEN,METODO_EMISIONES,
EM|2019|BEV2_00384,2019,ENER,COMBUSTION,1.A.1.a.i,Generación de electricidad,DOIL,GENERACION_CENTRAL,ENER,Use,E,BEV2_00384,110.1576,110.1576,COMB_DOIL,FOSIL,2019,PRX,74100,3,0.6,,,8.16267816,0,0.0003304728,6.609456E-005,8.1894464568,CAL,,ACTIVIDAD_X_FE,MEM_BEN,MARN_GTM_BTR1_2024,"Origen de factores: CO2: MARN_GTM_BTR1_2024 [PRX; BTR1 Guatemala 2024, tabla 3.6, p. 48; fila Gas/Diésel oíl; gas CO2]; CH4: MARN_GTM_BTR1_2024 [PRX; BTR1 Guatemala 2024, tabla 3.17, p. 57; fila Diésel; gas CH4]; N2O: MARN_GTM_BTR1_2024 [PRX; BTR1 Guatemala 2024, tabla 3.17, p. 57; fila Diésel; gas N2O]."
EM|2019|BEV2_00398,2019,ENER,COMBUSTION,1.A.1.a.i,Generación de electricidad,ELEC,GENERACION_CENTRAL,ENER,Supply,C,BEV2_00398,45989.2874,45989.2874,CERO_DIRECTO,SIN_EMISION_DIRECTA,2019,CAL,0,0,0,,,0,0,0,0,0,CAL,,CERO_DIRECTO,MEM_BEN,METODO_EMISIONES,
EM|2019|BEV2_00399,2019,ENER,COMBUSTION,1.A.1.a.i,Generación de electricidad,ELEC,AUTOPRODUCCION,ENER,Supply,C,BEV2_00399,4708.6564,4708.6564,CERO_DIRECTO,SIN_EMISION_DIRECTA,2019,CAL,0,0,0,,,0,0,0,0,0,CAL,,CERO_DIRECTO,MEM_BEN,METODO_EMISIONES,
EM|2019|BEV2_00400,2019,ENER,COMBUSTION,1.A.1.c,Fabricación de combustibles sólidos y otras industrias de la energía,ELEC,USO_ENER,ENER,Use,E,BEV2_00400,2831.6778,2831.6778,CERO_DIRECTO,SIN_EMISION_DIRECTA,2019,CAL,0,0,0,,,0,0,0,0,0,CAL,,CERO_DIRECTO,MEM_BEN,METODO_EMISIONES,
EM|2019|BEV2_00412,2019,ENER,COMBUSTION,1.A.1.a.i,Generación de electricidad,FOIL,GENERACION_CENTRAL,ENER,Use,E,BEV2_00412,3783.3558,3783.3558,COMB_FOIL,FOSIL,2019,PRX,77400,3,0.6,,,292.83173892,0,0.0113500674,0.00227001348,293.7510943794,CAL,,ACTIVIDAD_X_FE,MEM_BEN,MARN_GTM_BTR1_2024,"Origen de factores: CO2: MARN_GTM_BTR1_2024 [PRX; BTR1 Guatemala 2024, tabla 3.6, p. 48; fila Fuelóleo residual; gas CO2]; CH4: MARN_GTM_BTR1_2024 [PRX; BTR1 Guatemala 2024, tabla 3.17, p. 57; fila Fuelóleo residual; gas CH4]; N2O: MARN_GTM_BTR1_2024 [PRX; BTR1 Guatemala 2024, tabla 3.17, p. 57; fila Fuelóleo residual; gas N2O]."
EM|2019|BEV2_00413,2019,ENER,COMBUSTION,1.A.1.a.i,Generación de electricidad,FOIL,AUTOPRODUCCION,ENER,Use,E,BEV2_00413,417.2742,417.2742,COMB_FOIL,FOSIL,2019,PRX,77400,3,0.6,,,32.29702308,0,0.0012518226,0.00025036452,32.3984207106,CAL,,ACTIVIDAD_X_FE,MEM_BEN,MARN_GTM_BTR1_2024,"Origen de factores: CO2: MARN_GTM_BTR1_2024 [PRX; BTR1 Guatemala 2024, tabla 3.6, p. 48; fila Fuelóleo residual; gas CO2]; CH4: MARN_GTM_BTR1_2024 [PRX; BTR1 Guatemala 2024, tabla 3.17, p. 57; fila Fuelóleo residual; gas CH4]; N2O: MARN_GTM_BTR1_2024 [PRX; BTR1 Guatemala 2024, tabla 3.17, p. 57; fila Fuelóleo residual; gas N2O]."
EM|2019|BEV2_00332,2019,HH,COMBUSTION,1.A.4.b,Residencial,LENA,USO_HH,HH,Use,F,BEV2_00332,286464.8969,286464.8969,BIOMASS,BIOGENICO,2019,OBS,112000.000326674,300.00000035508,4.00000001420321,,,0,32084.0685463806,85.939469171718,1.14585959166872,2709.95792860032,CAL,,ACTIVIDAD_X_FE,MEM_BEN,UNFCCC_GTM_CRT_2024,
EM|2019|BEV2_00402,2019,HH,COMBUSTION,1.A.4.b,Residencial,ELEC,USO_HH,HH,Use,F,BEV2_00402,13487.1597,13487.1597,CERO_DIRECTO,SIN_EMISION_DIRECTA,2019,CAL,0,0,0,,,0,0,0,0,0,CAL,,CERO_DIRECTO,MEM_BEN,METODO_EMISIONES,
EM|2019|BEV2_00444,2019,HH,COMBUSTION,1.A.4.b,Residencial,GLP,USO_HH,HH,Use,F,BEV2_00444,15055.5111,15055.5111,COMB_GLP,FOSIL,2019,PRX,63100,5,0.1,,,950.00275041,0,0.0752775555,0.00150555111,952.50949300815,CAL,,ACTIVIDAD_X_FE,MEM_BEN,MARN_GTM_BTR1_2024,"Origen de factores: CO2: MARN_GTM_BTR1_2024 [PRX; BTR1 Guatemala 2024, tabla 3.6, p. 48; fila Gases licuados de petróleo; gas CO2]; CH4: MARN_GTM_BTR1_2024 [PRX; BTR1 Guatemala 2024, tabla 3.33, p. 70; fila Gases licuados de petróleo; gas CH4]; N2O: MARN_GTM_BTR1_2024 [PRX; BTR1 Guatemala 2024, tabla 3.33, p. 70; fila Gases licuados de petróleo; gas N2O]."
EM|2019|BEV2_00458,2019,HH,COMBUSTION,1.A.4.b,Residencial,KER,USO_HH,HH,Use,F,BEV2_00458,156.0566,156.0566,COMB_KER,FOSIL,2019,PRX,71900,10,0.6,,,11.22046954,0,0.001560566,9.363396E-005,11.2889783874,CAL,,ACTIVIDAD_X_FE,MEM_BEN,MARN_GTM_BTR1_2024,"Origen de factores: CO2: MARN_GTM_BTR1_2024 [PRX; BTR1 Guatemala 2024, tabla 3.6, p. 48; fila Otro queroseno; gas CO2]; CH4: MARN_GTM_BTR1_2024 [PRX; BTR1 Guatemala 2024, tabla 3.33, p. 70; fila Otro queroseno; gas CH4]; N2O: MARN_GTM_BTR1_2024 [PRX; BTR1 Guatemala 2024, tabla 3.33, p. 70; fila Otro queroseno; gas N2O]."
EM|2019|BEV2_00376,2019,IND_BEN,COMBUSTION,1.A.2,Industrias manufactureras y construcción,COQUE,USO_IND_BEN,IND_BEN,Use,E,BEV2_00376,15516.2441,15516.2441,COMB_COQUE,FOSIL,2019,PRX,97500,3,0.6,,,1512.83379975,0,0.0465487323,0.00930974646,1516.6042470663,CAL,,ACTIVIDAD_X_FE,MEM_BEN,MARN_GTM_BTR1_2024,"Origen de factores: CO2: MARN_GTM_BTR1_2024 [PRX; BTR1 Guatemala 2024, tabla 3.6, p. 48; fila Coque de petróleo; gas CO2]; CH4: MARN_GTM_BTR1_2024 [PRX; BTR1 Guatemala 2024, tabla 3.22, p. 62; fila Coque de petróleo; gas CH4]; N2O: MARN_GTM_BTR1_2024 [PRX; BTR1 Guatemala 2024, tabla 3.22, p. 62; fila Coque de petróleo; gas N2O]."
EM|2019|BEV2_00390,2019,IND_BEN,COMBUSTION,1.A.2,Industrias manufactureras y construcción,DOIL,USO_IND_BEN,IND_BEN,Use,E,BEV2_00390,6134.8371,6134.8371,COMB_DOIL,FOSIL,2019,PRX,74100,3,0.6,,,454.59142911,0,0.0184045113,0.00368090226,456.0821945253,CAL,,ACTIVIDAD_X_FE,MEM_BEN,MARN_GTM_BTR1_2024,"Origen de factores: CO2: MARN_GTM_BTR1_2024 [PRX; BTR1 Guatemala 2024, tabla 3.6, p. 48; fila Gas/Diésel oíl; gas CO2]; CH4: MARN_GTM_BTR1_2024 [PRX; BTR1 Guatemala 2024, tabla 3.22, p. 62; fila Diésel; gas CH4]; N2O: MARN_GTM_BTR1_2024 [PRX; BTR1 Guatemala 2024, tabla 3.22, p. 62; fila Diésel; gas N2O]."
EM|2019|BEV2_00404,2019,IND_BEN,COMBUSTION,1.A.2,Industrias manufactureras y construcción,ELEC,USO_IND_BEN,IND_BEN,Use,E,BEV2_00404,14459.8118,14459.8118,CERO_DIRECTO,SIN_EMISION_DIRECTA,2019,CAL,0,0,0,,,0,0,0,0,0,CAL,,CERO_DIRECTO,MEM_BEN,METODO_EMISIONES,
EM|2019|BEV2_00418,2019,IND_BEN,COMBUSTION,1.A.2,Industrias manufactureras y construcción,FOIL,USO_IND_BEN,IND_BEN,Use,E,BEV2_00418,5871.586,5871.586,COMB_FOIL,FOSIL,2019,PRX,77400,3,0.6,,,454.4607564,0,0.017614758,0.0035229516,455.887551798,CAL,,ACTIVIDAD_X_FE,MEM_BEN,MARN_GTM_BTR1_2024,"Origen de factores: CO2: MARN_GTM_BTR1_2024 [PRX; BTR1 Guatemala 2024, tabla 3.6, p. 48; fila Fuelóleo residual; gas CO2]; CH4: MARN_GTM_BTR1_2024 [PRX; BTR1 Guatemala 2024, tabla 3.22, p. 62; fila Fuelóleo residual; gas CH4]; N2O: MARN_GTM_BTR1_2024 [PRX; BTR1 Guatemala 2024, tabla 3.22, p. 62; fila Fuelóleo residual; gas N2O]."
EM|2019|BEV2_00432,2019,IND_BEN,COMBUSTION,1.A.2,Industrias manufactureras y construcción,GAS,USO_IND_BEN,IND_BEN,Use,E,BEV2_00432,1342.8653,1342.8653,COMB_GAS,FOSIL,2019,PRX,69300,3,0.6,,,93.06056529,0,0.0040285959,0.00080571918,93.3868815579,CAL,,ACTIVIDAD_X_FE,MEM_BEN,MARN_GTM_BTR1_2024,"Origen de factores: CO2: MARN_GTM_BTR1_2024 [PRX; BTR1 Guatemala 2024, tabla 3.6, p. 48; fila Gasolina para motores; gas CO2]; CH4: MARN_GTM_BTR1_2024 [PRX; BTR1 Guatemala 2024, tabla 3.22, p. 62; fila Gasolina para motores; gas CH4]; N2O: MARN_GTM_BTR1_2024 [PRX; BTR1 Guatemala 2024, tabla 3.22, p. 62; fila Gasolina para motores; gas N2O]."
EM|2019|BEV2_00446,2019,IND_BEN,COMBUSTION,1.A.2,Industrias manufactureras y construcción,GLP,USO_IND_BEN,IND_BEN,Use,E,BEV2_00446,3910.5367,3910.5367,COMB_GLP,FOSIL,2019,PRX,63100,1,0.1,,,246.75486577,0,0.0039105367,0.00039105367,246.96799002015,CAL,,ACTIVIDAD_X_FE,MEM_BEN,MARN_GTM_BTR1_2024,"Origen de factores: CO2: MARN_GTM_BTR1_2024 [PRX; BTR1 Guatemala 2024, tabla 3.6, p. 48; fila Gases licuados de petróleo; gas CO2]; CH4: MARN_GTM_BTR1_2024 [PRX; BTR1 Guatemala 2024, tabla 3.22, p. 62; fila Gases licuados de petróleo; gas CH4]; N2O: MARN_GTM_BTR1_2024 [PRX; BTR1 Guatemala 2024, tabla 3.22, p. 62; fila Gases licuados de petróleo; gas N2O]."
EM|2019|BEV2_00460,2019,IND_BEN,COMBUSTION,1.A.2,Industrias manufactureras y construcción,KER,USO_IND_BEN,IND_BEN,Use,E,BEV2_00460,22.3104,22.3104,COMB_KER,FOSIL,2019,PRX,71900,3,0.6,,,1.60411776,0,6.69312E-005,1.338624E-005,1.6095391872,CAL,,ACTIVIDAD_X_FE,MEM_BEN,MARN_GTM_BTR1_2024,"Origen de factores: CO2: MARN_GTM_BTR1_2024 [PRX; BTR1 Guatemala 2024, tabla 3.6, p. 48; fila Otro queroseno; gas CO2]; CH4: MARN_GTM_BTR1_2024 [PRX; BTR1 Guatemala 2024, tabla 3.22, p. 62; fila Otro queroseno; gas CH4]; N2O: MARN_GTM_BTR1_2024 [PRX; BTR1 Guatemala 2024, tabla 3.22, p. 62; fila Otro queroseno; gas N2O]."
EM|2019|GAS_USO_INTERNO_APARENTE_2019,2019,NO_ASIG,COMBUSTION,,Combustión sin asignación sectorial,GAS,USO_ENERGETICO_INTERNO_APARENTE,NO_ASIG,Use,E,GAS_USO_INTERNO_APARENTE_2019,10976.3682,10976.3682,GAS_COMPUESTO_2019,FOSIL,2019,PRX,69300.6378908276,32.2560349097623,3.13396600056169,,,760.669317984595,0,0.354054115841605,0.0343995647484465,779.698717886499,PRX,,ACTIVIDAD_X_FE_PONDERADO_USOS_OBSERVADOS_2019,MEM_BEN,MARN_GTM_BTR1_2024 | UNFCCC_GTM_CRT_2024,"Factor ponderado por los usos observados de GAS en transporte, industria y servicios. IND_BEN: Origen de factores: CO2: MARN_GTM_BTR1_2024 [PRX; BTR1 Guatemala 2024, tabla 3.6, p. 48; fila Gasolina para motores; gas CO2]; CH4: MARN_GTM_BTR1_2024 [PRX; BTR1 Guatemala 2024, tabla 3.22, p. 62; fila Gasolina para motores; gas CH4]; N2O: MARN_GTM_BTR1_2024 [PRX; BTR1 Guatemala 2024, tabla 3.22, p. 62; fila Gasolina para motores; gas N2O]. SERV: Origen de factores: CO2: MARN_GTM_BTR1_2024 [PRX; BTR1 Guatemala 2024, tabla 3.6, p. 48; fila Gasolina para motores; gas CO2]; CH4: MARN_GTM_BTR1_2024 [PRX; BTR1 Guatemala 2024, tabla 3.33, p. 70; fila Gasolina para motores; gas CH4]; N2O: MARN_GTM_BTR1_2024 [PRX; BTR1 Guatemala 2024, tabla 3.33, p. 70; fila Gasolina para motores; gas N2O]. TR_BEN: Origen de factores: CO2: UNFCCC_GTM_CRT_2024 [PRX; GTM-CRT-2024-V0.3-2019-20250304-084824_started.xlsx; Table1.A(a)s3; AD=C17+C21; EM=H17+H21; IEF=E17+E21]; CH4: UNFCCC_GTM_CRT_2024 [PRX; GTM-CRT-2024-V0.3-2019-20250304-084824_started.xlsx; Table1.A(a)s3; AD=C17+C21; EM=I17+I21; IEF=F17+F21]; N2O: UNFCCC_GTM_CRT_2024 [PRX; GTM-CRT-2024-V0.3-2019-20250304-084824_started.xlsx; Table1.A(a)s3; AD=C17+C21; EM=J17+J21; IEF=G17+G21]."
EM|2019|BEV2_00333,2019,SERV,COMBUSTION,1.A.4.a,Comercial e institucional,LENA,USO_SERV,SERV,Use,E,BEV2_00333,8859.7271,8859.7271,BIOMASS,BIOGENICO,2019,OBS,111999.999940299,300.000000229619,4.00000001836948,,,0,992.289434671067,2.65791813203436,0.0354389085627486,83.8130184660904,CAL,,ACTIVIDAD_X_FE,MEM_BEN,UNFCCC_GTM_CRT_2024,
EM|2019|BEV2_00403,2019,SERV,COMBUSTION,1.A.4.a,Comercial e institucional,ELEC,USO_SERV,SERV,Use,E,BEV2_00403,10428.95,10428.95,CERO_DIRECTO,SIN_EMISION_DIRECTA,2019,CAL,0,0,0,,,0,0,0,0,0,CAL,,CERO_DIRECTO,MEM_BEN,METODO_EMISIONES,
EM|2019|BEV2_00431,2019,SERV,COMBUSTION,1.A.4.a,Comercial e institucional,GAS,USO_SERV,SERV,Use,E,BEV2_00431,335.7018,335.7018,COMB_GAS,FOSIL,2019,PRX,69300,10,0.6,,,23.26413474,0,0.003357018,0.00020142108,23.4115078302,CAL,,ACTIVIDAD_X_FE,MEM_BEN,MARN_GTM_BTR1_2024,"Origen de factores: CO2: MARN_GTM_BTR1_2024 [PRX; BTR1 Guatemala 2024, tabla 3.6, p. 48; fila Gasolina para motores; gas CO2]; CH4: MARN_GTM_BTR1_2024 [PRX; BTR1 Guatemala 2024, tabla 3.33, p. 70; fila Gasolina para motores; gas CH4]; N2O: MARN_GTM_BTR1_2024 [PRX; BTR1 Guatemala 2024, tabla 3.33, p. 70; fila Gasolina para motores; gas N2O]."
EM|2019|BEV2_00445,2019,SERV,COMBUSTION,1.A.4.a,Comercial e institucional,GLP,USO_SERV,SERV,Use,E,BEV2_00445,391.0711,391.0711,COMB_GLP,FOSIL,2019,PRX,63100,5,0.1,,,24.67658641,0,0.0019553555,3.910711E-005,24.74169974815,CAL,,ACTIVIDAD_X_FE,MEM_BEN,MARN_GTM_BTR1_2024,"Origen de factores: CO2: MARN_GTM_BTR1_2024 [PRX; BTR1 Guatemala 2024, tabla 3.6, p. 48; fila Gases licuados de petróleo; gas CO2]; CH4: MARN_GTM_BTR1_2024 [PRX; BTR1 Guatemala 2024, tabla 3.33, p. 70; fila Gases licuados de petróleo; gas CH4]; N2O: MARN_GTM_BTR1_2024 [PRX; BTR1 Guatemala 2024, tabla 3.33, p. 70; fila Gases licuados de petróleo; gas N2O]."
EM|2019|BEV2_00459,2019,SERV,COMBUSTION,1.A.4.a,Comercial e institucional,KER,USO_SERV,SERV,Use,E,BEV2_00459,7.4368,7.4368,COMB_KER,FOSIL,2019,PRX,71900,10,0.6,,,0.53470592,0,7.4368E-005,4.46208E-006,0.5379706752,CAL,,ACTIVIDAD_X_FE,MEM_BEN,MARN_GTM_BTR1_2024,"Origen de factores: CO2: MARN_GTM_BTR1_2024 [PRX; BTR1 Guatemala 2024, tabla 3.6, p. 48; fila Otro queroseno; gas CO2]; CH4: MARN_GTM_BTR1_2024 [PRX; BTR1 Guatemala 2024, tabla 3.33, p. 70; fila Otro queroseno; gas CH4]; N2O: MARN_GTM_BTR1_2024 [PRX; BTR1 Guatemala 2024, tabla 3.33, p. 70; fila Otro queroseno; gas N2O]."
EM|2019|BEV2_00387,2019,TR_BEN,COMBUSTION,1.A.3,Transporte,DOIL,USO_TR_BEN,TR_BEN,Use,E,BEV2_00387,70550.7719,70550.7719,COMB_DOIL,FOSIL,2019,OBS,74099.9998848026,3.90000005464308,3.90000005464308,,,5227.81218966273,0,0.275148014265112,0.275148014265112,5308.43055784241,CAL,,ACTIVIDAD_X_FE,MEM_BEN,UNFCCC_GTM_CRT_2024,Origen de factores: CO2: UNFCCC_GTM_CRT_2024 [OBS; GTM-CRT-2024-V0.3-2019-20250304-084824_started.xlsx; Table1.A(a)s3; AD=C22; EM=H22; IEF=E22]; CH4: UNFCCC_GTM_CRT_2024 [OBS; GTM-CRT-2024-V0.3-2019-20250304-084824_started.xlsx; Table1.A(a)s3; AD=C22; EM=I22; IEF=F22]; N2O: UNFCCC_GTM_CRT_2024 [OBS; GTM-CRT-2024-V0.3-2019-20250304-084824_started.xlsx; Table1.A(a)s3; AD=C22; EM=J22; IEF=G22].
EM|2019|BEV2_00429,2019,TR_BEN,COMBUSTION,1.A.3,Transporte,GAS,USO_TR_BEN,TR_BEN,Use,E,BEV2_00429,65525.8772,65525.8772,COMB_GAS,FOSIL,2019,PRX,69300.6542315864,32.9696202454193,3.19887824810137,,,4540.98615905859,0,2.16036328753198,0.209609303262842,4657.02279647414,CAL,,ACTIVIDAD_X_FE,MEM_BEN,UNFCCC_GTM_CRT_2024,Origen de factores: CO2: UNFCCC_GTM_CRT_2024 [PRX; GTM-CRT-2024-V0.3-2019-20250304-084824_started.xlsx; Table1.A(a)s3; AD=C17+C21; EM=H17+H21; IEF=E17+E21]; CH4: UNFCCC_GTM_CRT_2024 [PRX; GTM-CRT-2024-V0.3-2019-20250304-084824_started.xlsx; Table1.A(a)s3; AD=C17+C21; EM=I17+I21; IEF=F17+F21]; N2O: UNFCCC_GTM_CRT_2024 [PRX; GTM-CRT-2024-V0.3-2019-20250304-084824_started.xlsx; Table1.A(a)s3; AD=C17+C21; EM=J17+J21; IEF=G17+G21].
EM|2019|BEV2_00443,2019,TR_BEN,COMBUSTION,1.A.3,Transporte,GLP,USO_TR_BEN,TR_BEN,Use,E,BEV2_00443,195.5065,195.5065,COMB_GLP,FOSIL,2019,OBS,63099.9998444523,62.0000010508572,0.200001010279521,,,12.3364601195894,0,0.0121214032054494,3.91014975162132E-005,12.6862213061838,CAL,,ACTIVIDAD_X_FE,MEM_BEN,UNFCCC_GTM_CRT_2024,Origen de factores: CO2: UNFCCC_GTM_CRT_2024 [OBS; GTM-CRT-2024-V0.3-2019-20250304-084824_started.xlsx; Table1.A(a)s3; AD=C23; EM=H23; IEF=E23]; CH4: UNFCCC_GTM_CRT_2024 [OBS; GTM-CRT-2024-V0.3-2019-20250304-084824_started.xlsx; Table1.A(a)s3; AD=C23; EM=I23; IEF=F23]; N2O: UNFCCC_GTM_CRT_2024 [OBS; GTM-CRT-2024-V0.3-2019-20250304-084824_started.xlsx; Table1.A(a)s3; AD=C23; EM=J23; IEF=G23].
EM|2019|BEV2_00457,2019,TR_BEN,COMBUSTION,1.A.3,Transporte,KER,USO_TR_BEN,TR_BEN,Use,E,BEV2_00457,4285.1655,4285.1655,COMB_KER,FOSIL,2019,PRX,71500,0.5,2,,,306.38933325,0,0.00214258275,0.008570331,308.720463282,CAL,,ACTIVIDAD_X_FE,MEM_BEN,IPCC_2006_GL,"Origen de factores: CO2: IPCC_2006_GL [PRX; Volumen 2, capítulo 3, tabla 3.6.4, p. 3.64; fila Jet Kerosene; gas CO2]; CH4: IPCC_2006_GL [PRX; Volumen 2, capítulo 3, tabla 3.6.5, p. 3.64; fila All fuels; gas CH4]; N2O: IPCC_2006_GL [PRX; Volumen 2, capítulo 3, tabla 3.6.5, p. 3.64; fila All fuels; gas N2O]."
EM|2019|AGR|3.A|CH4,2019,A,AGRICULTURA,3.A,Fermentación entérica,,EMISION_OBSERVADA_CRT,A,,,AGR|2019|3.A|CH4,,,AGRICULTURA_CRT,NO_APLICA,2019,OBS,,,,CH4,169.219204,0,0,169.219204,0,4738.137712,OBS,,EMISION_OBSERVADA_CRT,UNFCCC_GTM_CRT_2024,UNFCCC_GTM_CRT_2024,
EM|2019|AGR|3.B|CH4,2019,A,AGRICULTURA,3.B,Gestión del estiércol,,EMISION_OBSERVADA_CRT,A,,,AGR|2019|3.B|CH4,,,AGRICULTURA_CRT,NO_APLICA,2019,OBS,,,,CH4,6.01047974,0,0,6.01047974,0,168.29343272,OBS,,EMISION_OBSERVADA_CRT,UNFCCC_GTM_CRT_2024,UNFCCC_GTM_CRT_2024,
EM|2019|AGR|3.B|N2O,2019,A,AGRICULTURA,3.B,Gestión del estiércol,,EMISION_OBSERVADA_CRT,A,,,AGR|2019|3.B|N2O,,,AGRICULTURA_CRT,NO_APLICA,2019,OBS,,,,N2O,0.882510542946683,0,0,0,0.882510542946683,233.865293880871,OBS,,EMISION_OBSERVADA_CRT,UNFCCC_GTM_CRT_2024,UNFCCC_GTM_CRT_2024,
EM|2019|AGR|3.C|CH4,2019,A,AGRICULTURA,3.C,Cultivo de arroz,,EMISION_OBSERVADA_CRT,A,,,AGR|2019|3.C|CH4,,,AGRICULTURA_CRT,NO_APLICA,2019,OBS,,,,CH4,0.76926686298,0,0,0.76926686298,0,21.53947216344,OBS,,EMISION_OBSERVADA_CRT,UNFCCC_GTM_CRT_2024,UNFCCC_GTM_CRT_2024,
EM|2019|AGR|3.D|N2O,2019,A,AGRICULTURA,3.D,Suelos agrícolas,,EMISION_OBSERVADA_CRT,A,,,AGR|2019|3.D|N2O,,,AGRICULTURA_CRT,NO_APLICA,2019,OBS,,,,N2O,4.81720352269603,0,0,0,4.81720352269603,1276.55893351445,OBS,,EMISION_OBSERVADA_CRT,UNFCCC_GTM_CRT_2024,UNFCCC_GTM_CRT_2024,
EM|2019|AGR|3.E|CH4,2019,A,AGRICULTURA,3.E,Quema prescrita de sabanas,,EMISION_OBSERVADA_CRT,A,,,AGR|2019|3.E|CH4,,,AGRICULTURA_CRT,NO_APLICA,2019,OBS,,,,CH4,6.415668081546,0,0,6.415668081546,0,179.638706283288,OBS,,EMISION_OBSERVADA_CRT,UNFCCC_GTM_CRT_2024,UNFCCC_GTM_CRT_2024,
EM|2019|AGR|3.E|N2O,2019,A,AGRICULTURA,3.E,Quema prescrita de sabanas,,EMISION_OBSERVADA_CRT,A,,,AGR|2019|3.E|N2O,,,AGRICULTURA_CRT,NO_APLICA,2019,OBS,,,,N2O,0.5857783900542,0,0,0,0.5857783900542,155.231273364363,OBS,,EMISION_OBSERVADA_CRT,UNFCCC_GTM_CRT_2024,UNFCCC_GTM_CRT_2024,
EM|2019|AGR|3.F|CH4,2019,A,AGRICULTURA,3.F,Quema de residuos agrícolas en el campo,,TOTAL_SECTOR_MENOS_COMPONENTES,A,,,AGR|2019|3.F|CH4,,,AGRICULTURA_CRT,NO_APLICA,2019,CAL,,,,CH4,4.70600493981749,0,0,4.70600493981749,0,131.76813831489,CAL,,TOTAL_SECTOR_MENOS_COMPONENTES,UNFCCC_GTM_CRT_2024,UNFCCC_GTM_CRT_2024,
EM|2019|AGR|3.F|N2O,2019,A,AGRICULTURA,3.F,Quema de residuos agrícolas en el campo,,TOTAL_SECTOR_MENOS_COMPONENTES,A,,,AGR|2019|3.F|N2O,,,AGRICULTURA_CRT,NO_APLICA,2019,CAL,,,,N2O,0.12200753547675,0,0,0,0.12200753547675,32.3319969013388,CAL,,TOTAL_SECTOR_MENOS_COMPONENTES,UNFCCC_GTM_CRT_2024,UNFCCC_GTM_CRT_2024,
EM|2019|AGR|3.G|NO,2019,A,AGRICULTURA,3.G,Encalado,,SIN_CALCULO_NO,A,,,AGR|2019|3.G|NO,,,NO,NO_APLICA,2019,NO,,,,NO,,,,,,,NO,NO,SIN_CALCULO_NO,UNFCCC_GTM_CRT_2024,,
EM|2019|AGR|3.H|CO2,2019,A,AGRICULTURA,3.H,Aplicación de urea,,EMISION_OBSERVADA_CRT,A,,,AGR|2019|3.H|CO2,,,AGRICULTURA_CRT,FOSIL,2019,OBS,,,,CO2,36.35771486,36.35771486,0,0,0,36.35771486,OBS,,EMISION_OBSERVADA_CRT,UNFCCC_GTM_CRT_2024,UNFCCC_GTM_CRT_2024,
EM|2019|AGR|3.I|NO,2019,A,AGRICULTURA,3.I,Otros fertilizantes que contienen carbono,,SIN_CALCULO_NO,A,,,AGR|2019|3.I|NO,,,NO,NO_APLICA,2019,NO,,,,NO,,,,,,,NO,NO,SIN_CALCULO_NO,UNFCCC_GTM_CRT_2024,,
EM|2019|AGR|3.J|NO,2019,A,AGRICULTURA,3.J,Otros,,SIN_CALCULO_NO,A,,,AGR|2019|3.J|NO,,,NO,NO_APLICA,2019,NO,,,,NO,,,,,,,NO,NO,SIN_CALCULO_NO,UNFCCC_GTM_CRT_2024,,
EM|2020|BEV2_00575,2020,A,COMBUSTION,1.A.4.c,"Agricultura, silvicultura y pesca",LENA,FRONTERA_LENA_A,A,Supply,C,BEV2_00575,304227.287,304227.287,NO,BIOGENICO,2020,NO,,,,,,,,,,,NO,,SIN_CALCULO_NO,MEM_BEN,UNFCCC_GTM_CRT_2024,
EM|2020|BEV2_00519,2020,B,FUGITIVAS,1.B.1.a,Minería de carbón,CRBN,EXTRACCION_B,ENV,Supply,A,BEV2_00519,0,0,NO,FOSIL,2020,NO,,,,,,,,,,,NO,,SIN_CALCULO_NO,MEM_BEN,UNFCCC_GTM_CRT_2024,
EM|2020|BEV2_00589,2020,B,FUGITIVAS,1.B.2.a.ii,Producción y mejoramiento de petróleo,PETR,EXTRACCION_B,ENV,Supply,A,BEV2_00589,16453.6876,16453.6876,FUGITIVA_PETROLEO,FOSIL,2020,OBS,0.00676930319255606,0.0928776598383939,,,,0.00011138,0,0.00152818,,0.04290042,CAL,,ACTIVIDAD_X_FE,MEM_BEN,UNFCCC_GTM_CRT_2024,CO2e parcial: N2O sin factor numérico; el total incluye solo los gases cuantificados.
EM|2020|BEV2_00496,2020,ENER,COMBUSTION,1.A.1.a.i,Generación de electricidad,BCANA,GENERACION_CENTRAL,ENER,Use,E,BEV2_00496,46712.1095,46712.1095,COMB_BCANA,BIOGENICO,2020,PRX,100000,30,4,,,0,4671.21095,1.401363285,0.186848438,88.75300805,CAL,,ACTIVIDAD_X_FE,MEM_BEN,MARN_GTM_BTR1_2024,"Origen de factores: CO2: MARN_GTM_BTR1_2024 [PRX; BTR1 Guatemala 2024, tabla 3.6, p. 48; fila Otra biomasa sólida primaria; gas CO2]; CH4: MARN_GTM_BTR1_2024 [PRX; BTR1 Guatemala 2024, tabla 3.17, p. 57; fila Otra biomasa sólida primaria; gas CH4]; N2O: MARN_GTM_BTR1_2024 [PRX; BTR1 Guatemala 2024, tabla 3.17, p. 57; fila Otra biomasa sólida primaria; gas N2O]."
EM|2020|BEV2_00497,2020,ENER,COMBUSTION,1.A.1.a.i,Generación de electricidad,BCANA,AUTOPRODUCCION,ENER,Use,E,BEV2_00497,6622.238,6622.238,COMB_BCANA,BIOGENICO,2020,PRX,100000,30,4,,,0,662.2238,0.19866714,0.026488952,12.5822522,CAL,,ACTIVIDAD_X_FE,MEM_BEN,MARN_GTM_BTR1_2024,"Origen de factores: CO2: MARN_GTM_BTR1_2024 [PRX; BTR1 Guatemala 2024, tabla 3.6, p. 48; fila Otra biomasa sólida primaria; gas CO2]; CH4: MARN_GTM_BTR1_2024 [PRX; BTR1 Guatemala 2024, tabla 3.17, p. 57; fila Otra biomasa sólida primaria; gas CH4]; N2O: MARN_GTM_BTR1_2024 [PRX; BTR1 Guatemala 2024, tabla 3.17, p. 57; fila Otra biomasa sólida primaria; gas N2O]."
EM|2020|BEV2_00510,2020,ENER,COMBUSTION,1.A.1.a.i,Generación de electricidad,BIOGAS,GENERACION_CENTRAL,ENER,Use,E,BEV2_00510,285.3291,285.3291,COMB_BIOGAS,BIOGENICO,2020,PRX,54600,1,0.1,,,0,15.57896886,0.0002853291,2.853291E-005,0.01555043595,CAL,,ACTIVIDAD_X_FE,MEM_BEN,MARN_GTM_BTR1_2024,"Origen de factores: CO2: MARN_GTM_BTR1_2024 [PRX; BTR1 Guatemala 2024, tabla 3.6, p. 48; fila Gas de vertedero; gas CO2]; CH4: MARN_GTM_BTR1_2024 [PRX; BTR1 Guatemala 2024, tabla 3.17, p. 57; fila Gas de vertedero; gas CH4]; N2O: MARN_GTM_BTR1_2024 [PRX; BTR1 Guatemala 2024, tabla 3.17, p. 57; fila Gas de vertedero; gas N2O]."
EM|2020|BEV2_00524,2020,ENER,COMBUSTION,1.A.1.a.i,Generación de electricidad,CRBN,GENERACION_CENTRAL,ENER,Use,E,BEV2_00524,32635.7577,32635.7577,COMB_CRBN,FOSIL,2020,PRX,98300,1,1.5,,,3208.09498191,0,0.0326357577,0.04895363655,3221.98149681135,CAL,,ACTIVIDAD_X_FE,MEM_BEN,MARN_GTM_BTR1_2024,"Origen de factores: CO2: MARN_GTM_BTR1_2024 [PRX; BTR1 Guatemala 2024, tabla 3.6, p. 48; fila Otro carbón bituminoso*; gas CO2]; CH4: MARN_GTM_BTR1_2024 [PRX; BTR1 Guatemala 2024, tabla 3.17, p. 57; fila Otro carbón bituminoso; gas CH4]; N2O: MARN_GTM_BTR1_2024 [PRX; BTR1 Guatemala 2024, tabla 3.17, p. 57; fila Otro carbón bituminoso; gas N2O]."
EM|2020|BEV2_00538,2020,ENER,COMBUSTION,1.A.1.a.i,Generación de electricidad,EOLICA,GENERACION_CENTRAL,ENER,Use,B,BEV2_00538,1141.2002,1141.2002,CERO_DIRECTO,SIN_EMISION_DIRECTA,2020,CAL,0,0,0,,,0,0,0,0,0,CAL,,CERO_DIRECTO,MEM_BEN,METODO_EMISIONES,
EM|2020|BEV2_00552,2020,ENER,COMBUSTION,1.A.1.a.i,Generación de electricidad,GEOE,GENERACION_CENTRAL,ENER,Use,B,BEV2_00552,11732.133,11732.133,CERO_DIRECTO,SIN_EMISION_DIRECTA,2020,CAL,0,0,0,,,0,0,0,0,0,CAL,,CERO_DIRECTO,MEM_BEN,METODO_EMISIONES,
EM|2020|BEV2_00566,2020,ENER,COMBUSTION,1.A.1.a.i,Generación de electricidad,HYDR,GENERACION_CENTRAL,ENER,Use,B,BEV2_00566,26552.9782,26552.9782,CERO_DIRECTO,SIN_EMISION_DIRECTA,2020,CAL,0,0,0,,,0,0,0,0,0,CAL,,CERO_DIRECTO,MEM_BEN,METODO_EMISIONES,
EM|2020|BEV2_00567,2020,ENER,COMBUSTION,1.A.1.a.i,Generación de electricidad,HYDR,AUTOPRODUCCION,ENER,Use,B,BEV2_00567,116.1419,116.1419,CERO_DIRECTO,SIN_EMISION_DIRECTA,2020,CAL,0,0,0,,,0,0,0,0,0,CAL,,CERO_DIRECTO,MEM_BEN,METODO_EMISIONES,
EM|2020|BEV2_00593,2020,ENER,COMBUSTION,1.A.1.b,Refinación de petróleo,PETR,TRANSFORMACION_REFINERIA,ENER,Use,E,BEV2_00593,4064.5598,2.18344286,LIQUID_FUELS,FOSIL,2020,OBS,73104.4640206431,2.99998691058029,0.60001570180774,,,0.15961942,0,6.5503E-006,1.3101E-006,0.1601500049,CAL,,ACTIVIDAD_X_FE,MEM_BEN,UNFCCC_GTM_CRT_2024,
EM|2020|BEV2_00608,2020,ENER,COMBUSTION,1.A.1.a.i,Generación de electricidad,SOLAR,GENERACION_CENTRAL,ENER,Use,B,BEV2_00608,799.5141,799.5141,CERO_DIRECTO,SIN_EMISION_DIRECTA,2020,CAL,0,0,0,,,0,0,0,0,0,CAL,,CERO_DIRECTO,MEM_BEN,METODO_EMISIONES,
EM|2020|BEV2_00636,2020,ENER,COMBUSTION,1.A.1.a.i,Generación de electricidad,DOIL,GENERACION_CENTRAL,ENER,Use,E,BEV2_00636,122.8815,122.8815,COMB_DOIL,FOSIL,2020,PRX,74100,3,0.6,,,9.10551915,0,0.0003686445,7.37289E-005,9.1353793545,CAL,,ACTIVIDAD_X_FE,MEM_BEN,MARN_GTM_BTR1_2024,"Origen de factores: CO2: MARN_GTM_BTR1_2024 [PRX; BTR1 Guatemala 2024, tabla 3.6, p. 48; fila Gas/Diésel oíl; gas CO2]; CH4: MARN_GTM_BTR1_2024 [PRX; BTR1 Guatemala 2024, tabla 3.17, p. 57; fila Diésel; gas CH4]; N2O: MARN_GTM_BTR1_2024 [PRX; BTR1 Guatemala 2024, tabla 3.17, p. 57; fila Diésel; gas N2O]."
EM|2020|BEV2_00650,2020,ENER,COMBUSTION,1.A.1.a.i,Generación de electricidad,ELEC,GENERACION_CENTRAL,ENER,Supply,C,BEV2_00650,42996.7888,42996.7888,CERO_DIRECTO,SIN_EMISION_DIRECTA,2020,CAL,0,0,0,,,0,0,0,0,0,CAL,,CERO_DIRECTO,MEM_BEN,METODO_EMISIONES,
EM|2020|BEV2_00651,2020,ENER,COMBUSTION,1.A.1.a.i,Generación de electricidad,ELEC,AUTOPRODUCCION,ENER,Supply,C,BEV2_00651,3091.7334,3091.7334,CERO_DIRECTO,SIN_EMISION_DIRECTA,2020,CAL,0,0,0,,,0,0,0,0,0,CAL,,CERO_DIRECTO,MEM_BEN,METODO_EMISIONES,
EM|2020|BEV2_00652,2020,ENER,COMBUSTION,1.A.1.c,Fabricación de combustibles sólidos y otras industrias de la energía,ELEC,USO_ENER,ENER,Use,E,BEV2_00652,2860.7859,2860.7859,CERO_DIRECTO,SIN_EMISION_DIRECTA,2020,CAL,0,0,0,,,0,0,0,0,0,CAL,,CERO_DIRECTO,MEM_BEN,METODO_EMISIONES,
EM|2020|BEV2_00664,2020,ENER,COMBUSTION,1.A.1.a.i,Generación de electricidad,FOIL,GENERACION_CENTRAL,ENER,Use,E,BEV2_00664,2928.5305,2928.5305,COMB_FOIL,FOSIL,2020,PRX,77400,3,0.6,,,226.6682607,0,0.0087855915,0.0017571183,227.3798936115,CAL,,ACTIVIDAD_X_FE,MEM_BEN,MARN_GTM_BTR1_2024,"Origen de factores: CO2: MARN_GTM_BTR1_2024 [PRX; BTR1 Guatemala 2024, tabla 3.6, p. 48; fila Fuelóleo residual; gas CO2]; CH4: MARN_GTM_BTR1_2024 [PRX; BTR1 Guatemala 2024, tabla 3.17, p. 57; fila Fuelóleo residual; gas CH4]; N2O: MARN_GTM_BTR1_2024 [PRX; BTR1 Guatemala 2024, tabla 3.17, p. 57; fila Fuelóleo residual; gas N2O]."
EM|2020|BEV2_00665,2020,ENER,COMBUSTION,1.A.1.a.i,Generación de electricidad,FOIL,AUTOPRODUCCION,ENER,Use,E,BEV2_00665,417.2742,417.2742,COMB_FOIL,FOSIL,2020,PRX,77400,3,0.6,,,32.29702308,0,0.0012518226,0.00025036452,32.3984207106,CAL,,ACTIVIDAD_X_FE,MEM_BEN,MARN_GTM_BTR1_2024,"Origen de factores: CO2: MARN_GTM_BTR1_2024 [PRX; BTR1 Guatemala 2024, tabla 3.6, p. 48; fila Fuelóleo residual; gas CO2]; CH4: MARN_GTM_BTR1_2024 [PRX; BTR1 Guatemala 2024, tabla 3.17, p. 57; fila Fuelóleo residual; gas CH4]; N2O: MARN_GTM_BTR1_2024 [PRX; BTR1 Guatemala 2024, tabla 3.17, p. 57; fila Fuelóleo residual; gas N2O]."
EM|2020|BEV2_00584,2020,HH,COMBUSTION,1.A.4.b,Residencial,LENA,USO_HH,HH,Use,F,BEV2_00584,295100.4742,295100.4742,BIOMASS,BIOGENICO,2020,OBS,112000.000068938,299.999999655311,4,,,0,33051.2531307436,88.530142158282,1.1804018968,2791.6504830839,CAL,,ACTIVIDAD_X_FE,MEM_BEN,UNFCCC_GTM_CRT_2024,
EM|2020|BEV2_00654,2020,HH,COMBUSTION,1.A.4.b,Residencial,ELEC,USO_HH,HH,Use,F,BEV2_00654,13727.6937,13727.6937,CERO_DIRECTO,SIN_EMISION_DIRECTA,2020,CAL,0,0,0,,,0,0,0,0,0,CAL,,CERO_DIRECTO,MEM_BEN,METODO_EMISIONES,
EM|2020|BEV2_00696,2020,HH,COMBUSTION,1.A.4.b,Residencial,GLP,USO_HH,HH,Use,F,BEV2_00696,15257.641,15257.641,COMB_GLP,FOSIL,2020,PRX,63100,5,0.1,,,962.7571471,0,0.076288205,0.0015257641,965.2975443265,CAL,,ACTIVIDAD_X_FE,MEM_BEN,MARN_GTM_BTR1_2024,"Origen de factores: CO2: MARN_GTM_BTR1_2024 [PRX; BTR1 Guatemala 2024, tabla 3.6, p. 48; fila Gases licuados de petróleo; gas CO2]; CH4: MARN_GTM_BTR1_2024 [PRX; BTR1 Guatemala 2024, tabla 3.33, p. 70; fila Gases licuados de petróleo; gas CH4]; N2O: MARN_GTM_BTR1_2024 [PRX; BTR1 Guatemala 2024, tabla 3.33, p. 70; fila Gases licuados de petróleo; gas N2O]."
EM|2020|BEV2_00710,2020,HH,COMBUSTION,1.A.4.b,Residencial,KER,USO_HH,HH,Use,F,BEV2_00710,15.1641,15.1641,COMB_KER,FOSIL,2020,PRX,71900,10,0.6,,,1.09029879,0,0.000151641,9.09846E-006,1.0969558299,CAL,,ACTIVIDAD_X_FE,MEM_BEN,MARN_GTM_BTR1_2024,"Origen de factores: CO2: MARN_GTM_BTR1_2024 [PRX; BTR1 Guatemala 2024, tabla 3.6, p. 48; fila Otro queroseno; gas CO2]; CH4: MARN_GTM_BTR1_2024 [PRX; BTR1 Guatemala 2024, tabla 3.33, p. 70; fila Otro queroseno; gas CH4]; N2O: MARN_GTM_BTR1_2024 [PRX; BTR1 Guatemala 2024, tabla 3.33, p. 70; fila Otro queroseno; gas N2O]."
EM|2020|BEV2_00628,2020,IND_BEN,COMBUSTION,1.A.2,Industrias manufactureras y construcción,COQUE,USO_IND_BEN,IND_BEN,Use,E,BEV2_00628,17032.7703,17032.7703,COMB_COQUE,FOSIL,2020,PRX,97500,3,0.6,,,1660.69510425,0,0.0510983109,0.01021966218,1664.8340674329,CAL,,ACTIVIDAD_X_FE,MEM_BEN,MARN_GTM_BTR1_2024,"Origen de factores: CO2: MARN_GTM_BTR1_2024 [PRX; BTR1 Guatemala 2024, tabla 3.6, p. 48; fila Coque de petróleo; gas CO2]; CH4: MARN_GTM_BTR1_2024 [PRX; BTR1 Guatemala 2024, tabla 3.22, p. 62; fila Coque de petróleo; gas CH4]; N2O: MARN_GTM_BTR1_2024 [PRX; BTR1 Guatemala 2024, tabla 3.22, p. 62; fila Coque de petróleo; gas N2O]."
EM|2020|BEV2_00642,2020,IND_BEN,COMBUSTION,1.A.2,Industrias manufactureras y construcción,DOIL,USO_IND_BEN,IND_BEN,Use,E,BEV2_00642,5637.2687,5637.2687,COMB_DOIL,FOSIL,2020,PRX,74100,3,0.6,,,417.72161067,0,0.0169118061,0.00338236122,419.0914669641,CAL,,ACTIVIDAD_X_FE,MEM_BEN,MARN_GTM_BTR1_2024,"Origen de factores: CO2: MARN_GTM_BTR1_2024 [PRX; BTR1 Guatemala 2024, tabla 3.6, p. 48; fila Gas/Diésel oíl; gas CO2]; CH4: MARN_GTM_BTR1_2024 [PRX; BTR1 Guatemala 2024, tabla 3.22, p. 62; fila Diésel; gas CH4]; N2O: MARN_GTM_BTR1_2024 [PRX; BTR1 Guatemala 2024, tabla 3.22, p. 62; fila Diésel; gas N2O]."
EM|2020|BEV2_00656,2020,IND_BEN,COMBUSTION,1.A.2,Industrias manufactureras y construcción,ELEC,USO_IND_BEN,IND_BEN,Use,E,BEV2_00656,12947.9917,12947.9917,CERO_DIRECTO,SIN_EMISION_DIRECTA,2020,CAL,0,0,0,,,0,0,0,0,0,CAL,,CERO_DIRECTO,MEM_BEN,METODO_EMISIONES,
EM|2020|BEV2_00670,2020,IND_BEN,COMBUSTION,1.A.2,Industrias manufactureras y construcción,FOIL,USO_IND_BEN,IND_BEN,Use,E,BEV2_00670,5673.0583,5673.0583,COMB_FOIL,FOSIL,2020,PRX,77400,3,0.6,,,439.09471242,0,0.0170191749,0.00340383498,440.4732655869,CAL,,ACTIVIDAD_X_FE,MEM_BEN,MARN_GTM_BTR1_2024,"Origen de factores: CO2: MARN_GTM_BTR1_2024 [PRX; BTR1 Guatemala 2024, tabla 3.6, p. 48; fila Fuelóleo residual; gas CO2]; CH4: MARN_GTM_BTR1_2024 [PRX; BTR1 Guatemala 2024, tabla 3.22, p. 62; fila Fuelóleo residual; gas CH4]; N2O: MARN_GTM_BTR1_2024 [PRX; BTR1 Guatemala 2024, tabla 3.22, p. 62; fila Fuelóleo residual; gas N2O]."
EM|2020|BEV2_00684,2020,IND_BEN,COMBUSTION,1.A.2,Industrias manufactureras y construcción,GAS,USO_IND_BEN,IND_BEN,Use,E,BEV2_00684,1444.4241,1444.4241,COMB_GAS,FOSIL,2020,PRX,69300,3,0.6,,,100.09859013,0,0.0043332723,0.00086665446,100.4495851863,CAL,,ACTIVIDAD_X_FE,MEM_BEN,MARN_GTM_BTR1_2024,"Origen de factores: CO2: MARN_GTM_BTR1_2024 [PRX; BTR1 Guatemala 2024, tabla 3.6, p. 48; fila Gasolina para motores; gas CO2]; CH4: MARN_GTM_BTR1_2024 [PRX; BTR1 Guatemala 2024, tabla 3.22, p. 62; fila Gasolina para motores; gas CH4]; N2O: MARN_GTM_BTR1_2024 [PRX; BTR1 Guatemala 2024, tabla 3.22, p. 62; fila Gasolina para motores; gas N2O]."
EM|2020|BEV2_00698,2020,IND_BEN,COMBUSTION,1.A.2,Industrias manufactureras y construcción,GLP,USO_IND_BEN,IND_BEN,Use,E,BEV2_00698,3963.001,3963.001,COMB_GLP,FOSIL,2020,PRX,63100,1,0.1,,,250.0653631,0,0.003963001,0.0003963001,250.2813466545,CAL,,ACTIVIDAD_X_FE,MEM_BEN,MARN_GTM_BTR1_2024,"Origen de factores: CO2: MARN_GTM_BTR1_2024 [PRX; BTR1 Guatemala 2024, tabla 3.6, p. 48; fila Gases licuados de petróleo; gas CO2]; CH4: MARN_GTM_BTR1_2024 [PRX; BTR1 Guatemala 2024, tabla 3.22, p. 62; fila Gases licuados de petróleo; gas CH4]; N2O: MARN_GTM_BTR1_2024 [PRX; BTR1 Guatemala 2024, tabla 3.22, p. 62; fila Gases licuados de petróleo; gas N2O]."
EM|2020|BEV2_00712,2020,IND_BEN,COMBUSTION,1.A.2,Industrias manufactureras y construcción,KER,USO_IND_BEN,IND_BEN,Use,E,BEV2_00712,2.1497,2.1497,COMB_KER,FOSIL,2020,PRX,71900,3,0.6,,,0.15456343,0,6.4491E-006,1.28982E-006,0.1550858071,CAL,,ACTIVIDAD_X_FE,MEM_BEN,MARN_GTM_BTR1_2024,"Origen de factores: CO2: MARN_GTM_BTR1_2024 [PRX; BTR1 Guatemala 2024, tabla 3.6, p. 48; fila Otro queroseno; gas CO2]; CH4: MARN_GTM_BTR1_2024 [PRX; BTR1 Guatemala 2024, tabla 3.22, p. 62; fila Otro queroseno; gas CH4]; N2O: MARN_GTM_BTR1_2024 [PRX; BTR1 Guatemala 2024, tabla 3.22, p. 62; fila Otro queroseno; gas N2O]."
EM|2020|BEV2_00585,2020,SERV,COMBUSTION,1.A.4.a,Comercial e institucional,LENA,USO_SERV,SERV,Use,E,BEV2_00585,9126.8128,9126.8128,BIOMASS,BIOGENICO,2020,OBS,112000.000276395,299.999999665651,4.00000012928151,,,0,1022.20303612261,2.73804383694846,0.0365072523799282,86.3396493152379,CAL,,ACTIVIDAD_X_FE,MEM_BEN,UNFCCC_GTM_CRT_2024,
EM|2020|BEV2_00655,2020,SERV,COMBUSTION,1.A.4.a,Comercial e institucional,ELEC,USO_SERV,SERV,Use,E,BEV2_00655,10695.7452,10695.7452,CERO_DIRECTO,SIN_EMISION_DIRECTA,2020,CAL,0,0,0,,,0,0,0,0,0,CAL,,CERO_DIRECTO,MEM_BEN,METODO_EMISIONES,
EM|2020|BEV2_00683,2020,SERV,COMBUSTION,1.A.4.a,Comercial e institucional,GAS,USO_SERV,SERV,Use,E,BEV2_00683,361.0915,361.0915,COMB_GAS,FOSIL,2020,PRX,69300,10,0.6,,,25.02364095,0,0.003610915,0.0002166549,25.1821601185,CAL,,ACTIVIDAD_X_FE,MEM_BEN,MARN_GTM_BTR1_2024,"Origen de factores: CO2: MARN_GTM_BTR1_2024 [PRX; BTR1 Guatemala 2024, tabla 3.6, p. 48; fila Gasolina para motores; gas CO2]; CH4: MARN_GTM_BTR1_2024 [PRX; BTR1 Guatemala 2024, tabla 3.33, p. 70; fila Gasolina para motores; gas CH4]; N2O: MARN_GTM_BTR1_2024 [PRX; BTR1 Guatemala 2024, tabla 3.33, p. 70; fila Gasolina para motores; gas N2O]."
EM|2020|BEV2_00697,2020,SERV,COMBUSTION,1.A.4.a,Comercial e institucional,GLP,USO_SERV,SERV,Use,E,BEV2_00697,396.3001,396.3001,COMB_GLP,FOSIL,2020,PRX,63100,5,0.1,,,25.00653631,0,0.0019815005,3.963001E-005,25.07252027665,CAL,,ACTIVIDAD_X_FE,MEM_BEN,MARN_GTM_BTR1_2024,"Origen de factores: CO2: MARN_GTM_BTR1_2024 [PRX; BTR1 Guatemala 2024, tabla 3.6, p. 48; fila Gases licuados de petróleo; gas CO2]; CH4: MARN_GTM_BTR1_2024 [PRX; BTR1 Guatemala 2024, tabla 3.33, p. 70; fila Gases licuados de petróleo; gas CH4]; N2O: MARN_GTM_BTR1_2024 [PRX; BTR1 Guatemala 2024, tabla 3.33, p. 70; fila Gases licuados de petróleo; gas N2O]."
EM|2020|BEV2_00711,2020,SERV,COMBUSTION,1.A.4.a,Comercial e institucional,KER,USO_SERV,SERV,Use,E,BEV2_00711,0.6972,0.6972,COMB_KER,FOSIL,2020,PRX,71900,10,0.6,,,0.05012868,0,6.972E-006,4.1832E-007,0.0504347508,CAL,,ACTIVIDAD_X_FE,MEM_BEN,MARN_GTM_BTR1_2024,"Origen de factores: CO2: MARN_GTM_BTR1_2024 [PRX; BTR1 Guatemala 2024, tabla 3.6, p. 48; fila Otro queroseno; gas CO2]; CH4: MARN_GTM_BTR1_2024 [PRX; BTR1 Guatemala 2024, tabla 3.33, p. 70; fila Otro queroseno; gas CH4]; N2O: MARN_GTM_BTR1_2024 [PRX; BTR1 Guatemala 2024, tabla 3.33, p. 70; fila Otro queroseno; gas N2O]."
EM|2020|BEV2_00639,2020,TR_BEN,COMBUSTION,1.A.3,Transporte,DOIL,USO_TR_BEN,TR_BEN,Use,E,BEV2_00639,64828.4448,64828.4448,COMB_DOIL,FOSIL,2020,OBS,74100.000121757,3.90000004769863,3.90000004769863,,,4803.78776757332,0,0.252830937812228,0.252830937812228,4877.8672323523,CAL,,ACTIVIDAD_X_FE,MEM_BEN,UNFCCC_GTM_CRT_2024,Origen de factores: CO2: UNFCCC_GTM_CRT_2024 [OBS; GTM-CRT-2024-V0.3-2020-20250304-084824_started.xlsx; Table1.A(a)s3; AD=C22; EM=H22; IEF=E22]; CH4: UNFCCC_GTM_CRT_2024 [OBS; GTM-CRT-2024-V0.3-2020-20250304-084824_started.xlsx; Table1.A(a)s3; AD=C22; EM=I22; IEF=F22]; N2O: UNFCCC_GTM_CRT_2024 [OBS; GTM-CRT-2024-V0.3-2020-20250304-084824_started.xlsx; Table1.A(a)s3; AD=C22; EM=J22; IEF=G22].
EM|2020|BEV2_00681,2020,TR_BEN,COMBUSTION,1.A.3,Transporte,GAS,USO_TR_BEN,TR_BEN,Use,E,BEV2_00681,70471.2911,70471.2911,COMB_GAS,FOSIL,2020,PRX,69300.5480151284,32.9745549591422,3.19906051005489,,,4883.69909256364,0,2.32375946141866,0.225441924450593,5008.50646746277,CAL,,ACTIVIDAD_X_FE,MEM_BEN,UNFCCC_GTM_CRT_2024,Origen de factores: CO2: UNFCCC_GTM_CRT_2024 [PRX; GTM-CRT-2024-V0.3-2020-20250304-084824_started.xlsx; Table1.A(a)s3; AD=C17+C21; EM=H17+H21; IEF=E17+E21]; CH4: UNFCCC_GTM_CRT_2024 [PRX; GTM-CRT-2024-V0.3-2020-20250304-084824_started.xlsx; Table1.A(a)s3; AD=C17+C21; EM=I17+I21; IEF=F17+F21]; N2O: UNFCCC_GTM_CRT_2024 [PRX; GTM-CRT-2024-V0.3-2020-20250304-084824_started.xlsx; Table1.A(a)s3; AD=C17+C21; EM=J17+J21; IEF=G17+G21].
EM|2020|BEV2_00695,2020,TR_BEN,COMBUSTION,1.A.3,Transporte,GLP,USO_TR_BEN,TR_BEN,Use,E,BEV2_00695,198.1791,198.1791,COMB_GLP,FOSIL,2020,OBS,63100.0002022543,61.999989671682,0.200000794643952,,,12.5051012500826,0,0.0122871021531432,3.96359774818232E-005,12.8596436444033,CAL,,ACTIVIDAD_X_FE,MEM_BEN,UNFCCC_GTM_CRT_2024,Origen de factores: CO2: UNFCCC_GTM_CRT_2024 [OBS; GTM-CRT-2024-V0.3-2020-20250304-084824_started.xlsx; Table1.A(a)s3; AD=C23; EM=H23; IEF=E23]; CH4: UNFCCC_GTM_CRT_2024 [OBS; GTM-CRT-2024-V0.3-2020-20250304-084824_started.xlsx; Table1.A(a)s3; AD=C23; EM=I23; IEF=F23]; N2O: UNFCCC_GTM_CRT_2024 [OBS; GTM-CRT-2024-V0.3-2020-20250304-084824_started.xlsx; Table1.A(a)s3; AD=C23; EM=J23; IEF=G23].
EM|2020|BEV2_00709,2020,TR_BEN,COMBUSTION,1.A.3,Transporte,KER,USO_TR_BEN,TR_BEN,Use,E,BEV2_00709,2048.606,2048.606,COMB_KER,FOSIL,2020,PRX,71500,0.5,2,,,146.475329,0,0.001024303,0.004097212,147.589770664,CAL,,ACTIVIDAD_X_FE,MEM_BEN,IPCC_2006_GL,"Origen de factores: CO2: IPCC_2006_GL [PRX; Volumen 2, capítulo 3, tabla 3.6.4, p. 3.64; fila Jet Kerosene; gas CO2]; CH4: IPCC_2006_GL [PRX; Volumen 2, capítulo 3, tabla 3.6.5, p. 3.64; fila All fuels; gas CH4]; N2O: IPCC_2006_GL [PRX; Volumen 2, capítulo 3, tabla 3.6.5, p. 3.64; fila All fuels; gas N2O]."
EM|2020|AGR|3.A|CH4,2020,A,AGRICULTURA,3.A,Fermentación entérica,,EMISION_OBSERVADA_CRT,A,,,AGR|2020|3.A|CH4,,,AGRICULTURA_CRT,NO_APLICA,2020,OBS,,,,CH4,170.792988,0,0,170.792988,0,4782.203664,OBS,,EMISION_OBSERVADA_CRT,UNFCCC_GTM_CRT_2024,UNFCCC_GTM_CRT_2024,
EM|2020|AGR|3.B|CH4,2020,A,AGRICULTURA,3.B,Gestión del estiércol,,EMISION_OBSERVADA_CRT,A,,,AGR|2020|3.B|CH4,,,AGRICULTURA_CRT,NO_APLICA,2020,OBS,,,,CH4,6.10189227,0,0,6.10189227,0,170.85298356,OBS,,EMISION_OBSERVADA_CRT,UNFCCC_GTM_CRT_2024,UNFCCC_GTM_CRT_2024,
EM|2020|AGR|3.B|N2O,2020,A,AGRICULTURA,3.B,Gestión del estiércol,,EMISION_OBSERVADA_CRT,A,,,AGR|2020|3.B|N2O,,,AGRICULTURA_CRT,NO_APLICA,2020,OBS,,,,N2O,0.896387840223302,0,0,0,0.896387840223302,237.542777659175,OBS,,EMISION_OBSERVADA_CRT,UNFCCC_GTM_CRT_2024,UNFCCC_GTM_CRT_2024,
EM|2020|AGR|3.C|CH4,2020,A,AGRICULTURA,3.C,Cultivo de arroz,,EMISION_OBSERVADA_CRT,A,,,AGR|2020|3.C|CH4,,,AGRICULTURA_CRT,NO_APLICA,2020,OBS,,,,CH4,0.79179625833,0,0,0.79179625833,0,22.17029523324,OBS,,EMISION_OBSERVADA_CRT,UNFCCC_GTM_CRT_2024,UNFCCC_GTM_CRT_2024,
EM|2020|AGR|3.D|N2O,2020,A,AGRICULTURA,3.D,Suelos agrícolas,,EMISION_OBSERVADA_CRT,A,,,AGR|2020|3.D|N2O,,,AGRICULTURA_CRT,NO_APLICA,2020,OBS,,,,N2O,3.62769228072036,0,0,0,3.62769228072036,961.338454390895,OBS,,EMISION_OBSERVADA_CRT,UNFCCC_GTM_CRT_2024,UNFCCC_GTM_CRT_2024,
EM|2020|AGR|3.E|CH4,2020,A,AGRICULTURA,3.E,Quema prescrita de sabanas,,EMISION_OBSERVADA_CRT,A,,,AGR|2020|3.E|CH4,,,AGRICULTURA_CRT,NO_APLICA,2020,OBS,,,,CH4,7.420896541698,0,0,7.420896541698,0,207.785103167544,OBS,,EMISION_OBSERVADA_CRT,UNFCCC_GTM_CRT_2024,UNFCCC_GTM_CRT_2024,
EM|2020|AGR|3.E|N2O,2020,A,AGRICULTURA,3.E,Quema prescrita de sabanas,,EMISION_OBSERVADA_CRT,A,,,AGR|2020|3.E|N2O,,,AGRICULTURA_CRT,NO_APLICA,2020,OBS,,,,N2O,0.6775601190246,0,0,0,0.6775601190246,179.553431541519,OBS,,EMISION_OBSERVADA_CRT,UNFCCC_GTM_CRT_2024,UNFCCC_GTM_CRT_2024,
EM|2020|AGR|3.F|CH4,2020,A,AGRICULTURA,3.F,Quema de residuos agrícolas en el campo,,TOTAL_SECTOR_MENOS_COMPONENTES,A,,,AGR|2020|3.F|CH4,,,AGRICULTURA_CRT,NO_APLICA,2020,CAL,,,,CH4,4.46526359845203,0,0,4.46526359845203,0,125.027380756657,CAL,,TOTAL_SECTOR_MENOS_COMPONENTES,UNFCCC_GTM_CRT_2024,UNFCCC_GTM_CRT_2024,
EM|2020|AGR|3.F|N2O,2020,A,AGRICULTURA,3.F,Quema de residuos agrícolas en el campo,,TOTAL_SECTOR_MENOS_COMPONENTES,A,,,AGR|2020|3.F|N2O,,,AGRICULTURA_CRT,NO_APLICA,2020,CAL,,,,N2O,0.1157660932932,0,0,0,0.1157660932932,30.6780147226979,CAL,,TOTAL_SECTOR_MENOS_COMPONENTES,UNFCCC_GTM_CRT_2024,UNFCCC_GTM_CRT_2024,
EM|2020|AGR|3.G|NO,2020,A,AGRICULTURA,3.G,Encalado,,SIN_CALCULO_NO,A,,,AGR|2020|3.G|NO,,,NO,NO_APLICA,2020,NO,,,,NO,,,,,,,NO,NO,SIN_CALCULO_NO,UNFCCC_GTM_CRT_2024,,
EM|2020|AGR|3.H|CO2,2020,A,AGRICULTURA,3.H,Aplicación de urea,,EMISION_OBSERVADA_CRT,A,,,AGR|2020|3.H|CO2,,,AGRICULTURA_CRT,FOSIL,2020,OBS,,,,CO2,39.370831,39.370831,0,0,0,39.370831,OBS,,EMISION_OBSERVADA_CRT,UNFCCC_GTM_CRT_2024,UNFCCC_GTM_CRT_2024,
EM|2020|AGR|3.I|NO,2020,A,AGRICULTURA,3.I,Otros fertilizantes que contienen carbono,,SIN_CALCULO_NO,A,,,AGR|2020|3.I|NO,,,NO,NO_APLICA,2020,NO,,,,NO,,,,,,,NO,NO,SIN_CALCULO_NO,UNFCCC_GTM_CRT_2024,,
EM|2020|AGR|3.J|NO,2020,A,AGRICULTURA,3.J,Otros,,SIN_CALCULO_NO,A,,,AGR|2020|3.J|NO,,,NO,NO_APLICA,2020,NO,,,,NO,,,,,,,NO,NO,SIN_CALCULO_NO,UNFCCC_GTM_CRT_2024,,
EM|2021|BEV2_00827,2021,A,COMBUSTION,1.A.4.c,"Agricultura, silvicultura y pesca",LENA,FRONTERA_LENA_A,A,Supply,C,BEV2_00827,313398.372,313398.372,NO,BIOGENICO,2021,NO,,,,,,,,,,,NO,,SIN_CALCULO_NO,MEM_BEN,UNFCCC_GTM_CRT_2024,
EM|2021|BEV2_00757,2021,B,FUGITIVAS,1.B.1.a,Minería de carbón,CRBN,EXTRACCION_B,ENV,Supply,A,BEV2_00757,0,0,NO,FOSIL,2021,NO,,,,,,,,,,,NO,,SIN_CALCULO_NO,MEM_BEN,UNFCCC_GTM_CRT_2024,
EM|2021|BEV2_00799,2021,B,FUGITIVAS,1.B.2.b.ii,Producción y mejoramiento de gas natural,GN,EXTRACCION_B,ENV,Supply,A,BEV2_00799,50.0241,50.0241,NO,FOSIL,2021,NO,,,,,,,,,,,NO,,SIN_CALCULO_NO,MEM_BEN,UNFCCC_GTM_CRT_2024,
EM|2021|BEV2_00841,2021,B,FUGITIVAS,1.B.2.a.ii,Producción y mejoramiento de petróleo,PETR,EXTRACCION_B,ENV,Supply,A,BEV2_00841,13280.1494,13280.1494,FUGITIVA_PETROLEO,FOSIL,2021,OBS,0.00676905035420761,0.0928777201858889,,,,8.9894E-005,0,0.00123343,,0.034625934,CAL,,ACTIVIDAD_X_FE,MEM_BEN,UNFCCC_GTM_CRT_2024,CO2e parcial: N2O sin factor numérico; el total incluye solo los gases cuantificados.
EM|2021|BEV2_00734,2021,ENER,COMBUSTION,1.A.1.a.i,Generación de electricidad,BCANA,GENERACION_CENTRAL,ENER,Use,E,BEV2_00734,54674.7145,54674.7145,COMB_BCANA,BIOGENICO,2021,PRX,100000,30,4,,,0,5467.47145,1.640241435,0.218698858,103.88195755,CAL,,ACTIVIDAD_X_FE,MEM_BEN,MARN_GTM_BTR1_2024,"Origen de factores: CO2: MARN_GTM_BTR1_2024 [PRX; BTR1 Guatemala 2024, tabla 3.6, p. 48; fila Otra biomasa sólida primaria; gas CO2]; CH4: MARN_GTM_BTR1_2024 [PRX; BTR1 Guatemala 2024, tabla 3.17, p. 57; fila Otra biomasa sólida primaria; gas CH4]; N2O: MARN_GTM_BTR1_2024 [PRX; BTR1 Guatemala 2024, tabla 3.17, p. 57; fila Otra biomasa sólida primaria; gas N2O]."
EM|2021|BEV2_00735,2021,ENER,COMBUSTION,1.A.1.a.i,Generación de electricidad,BCANA,AUTOPRODUCCION,ENER,Use,E,BEV2_00735,32282.3935,32282.3935,COMB_BCANA,BIOGENICO,2021,PRX,100000,30,4,,,0,3228.23935,0.968471805,0.129129574,61.33654765,CAL,,ACTIVIDAD_X_FE,MEM_BEN,MARN_GTM_BTR1_2024,"Origen de factores: CO2: MARN_GTM_BTR1_2024 [PRX; BTR1 Guatemala 2024, tabla 3.6, p. 48; fila Otra biomasa sólida primaria; gas CO2]; CH4: MARN_GTM_BTR1_2024 [PRX; BTR1 Guatemala 2024, tabla 3.17, p. 57; fila Otra biomasa sólida primaria; gas CH4]; N2O: MARN_GTM_BTR1_2024 [PRX; BTR1 Guatemala 2024, tabla 3.17, p. 57; fila Otra biomasa sólida primaria; gas N2O]."
EM|2021|BEV2_00748,2021,ENER,COMBUSTION,1.A.1.a.i,Generación de electricidad,BIOGAS,GENERACION_CENTRAL,ENER,Use,E,BEV2_00748,478.6859,478.6859,COMB_BIOGAS,BIOGENICO,2021,PRX,54600,1,0.1,,,0,26.13625014,0.0004786859,4.786859E-005,0.02608838155,CAL,,ACTIVIDAD_X_FE,MEM_BEN,MARN_GTM_BTR1_2024,"Origen de factores: CO2: MARN_GTM_BTR1_2024 [PRX; BTR1 Guatemala 2024, tabla 3.6, p. 48; fila Gas de vertedero; gas CO2]; CH4: MARN_GTM_BTR1_2024 [PRX; BTR1 Guatemala 2024, tabla 3.17, p. 57; fila Gas de vertedero; gas CH4]; N2O: MARN_GTM_BTR1_2024 [PRX; BTR1 Guatemala 2024, tabla 3.17, p. 57; fila Gas de vertedero; gas N2O]."
EM|2021|BEV2_00762,2021,ENER,COMBUSTION,1.A.1.a.i,Generación de electricidad,CRBN,GENERACION_CENTRAL,ENER,Use,E,BEV2_00762,40544.5621,40544.5621,COMB_CRBN,FOSIL,2021,PRX,98300,1,1.5,,,3985.53045443,0,0.0405445621,0.06081684315,4002.78216560355,CAL,,ACTIVIDAD_X_FE,MEM_BEN,MARN_GTM_BTR1_2024,"Origen de factores: CO2: MARN_GTM_BTR1_2024 [PRX; BTR1 Guatemala 2024, tabla 3.6, p. 48; fila Otro carbón bituminoso*; gas CO2]; CH4: MARN_GTM_BTR1_2024 [PRX; BTR1 Guatemala 2024, tabla 3.17, p. 57; fila Otro carbón bituminoso; gas CH4]; N2O: MARN_GTM_BTR1_2024 [PRX; BTR1 Guatemala 2024, tabla 3.17, p. 57; fila Otro carbón bituminoso; gas N2O]."
EM|2021|BEV2_00763,2021,ENER,COMBUSTION,1.A.1.a.i,Generación de electricidad,CRBN,AUTOPRODUCCION,ENER,Use,E,BEV2_00763,1233.5211,1233.5211,COMB_CRBN,FOSIL,2021,PRX,98300,1,1.5,,,121.25512413,0,0.0012335211,0.00185028165,121.77998735805,CAL,,ACTIVIDAD_X_FE,MEM_BEN,MARN_GTM_BTR1_2024,"Origen de factores: CO2: MARN_GTM_BTR1_2024 [PRX; BTR1 Guatemala 2024, tabla 3.6, p. 48; fila Otro carbón bituminoso*; gas CO2]; CH4: MARN_GTM_BTR1_2024 [PRX; BTR1 Guatemala 2024, tabla 3.17, p. 57; fila Otro carbón bituminoso; gas CH4]; N2O: MARN_GTM_BTR1_2024 [PRX; BTR1 Guatemala 2024, tabla 3.17, p. 57; fila Otro carbón bituminoso; gas N2O]."
EM|2021|BEV2_00776,2021,ENER,COMBUSTION,1.A.1.a.i,Generación de electricidad,EOLICA,GENERACION_CENTRAL,ENER,Use,B,BEV2_00776,1171.0055,1171.0055,CERO_DIRECTO,SIN_EMISION_DIRECTA,2021,CAL,0,0,0,,,0,0,0,0,0,CAL,,CERO_DIRECTO,MEM_BEN,METODO_EMISIONES,
EM|2021|BEV2_00790,2021,ENER,COMBUSTION,1.A.1.a.i,Generación de electricidad,GEOE,GENERACION_CENTRAL,ENER,Use,B,BEV2_00790,11288.9462,11288.9462,CERO_DIRECTO,SIN_EMISION_DIRECTA,2021,CAL,0,0,0,,,0,0,0,0,0,CAL,,CERO_DIRECTO,MEM_BEN,METODO_EMISIONES,
EM|2021|BEV2_00804,2021,ENER,COMBUSTION,1.A.1.a.i,Generación de electricidad,GN,GENERACION_CENTRAL,ENER,Use,E,BEV2_00804,50.0241,50.0241,GASEOUS_FUELS,FOSIL,2021,OBS,56099.9999988003,0.999999711463466,0.0999999711463466,,,2.80635200993999,0,5.00240855662196E-005,5.00240855662196E-006,2.80907832260334,CAL,,ACTIVIDAD_X_FE,MEM_BEN,UNFCCC_GTM_CRT_2024,
EM|2021|BEV2_00818,2021,ENER,COMBUSTION,1.A.1.a.i,Generación de electricidad,HYDR,GENERACION_CENTRAL,ENER,Use,B,BEV2_00818,30350.5685,30350.5685,CERO_DIRECTO,SIN_EMISION_DIRECTA,2021,CAL,0,0,0,,,0,0,0,0,0,CAL,,CERO_DIRECTO,MEM_BEN,METODO_EMISIONES,
EM|2021|BEV2_00819,2021,ENER,COMBUSTION,1.A.1.a.i,Generación de electricidad,HYDR,AUTOPRODUCCION,ENER,Use,B,BEV2_00819,116.1419,116.1419,CERO_DIRECTO,SIN_EMISION_DIRECTA,2021,CAL,0,0,0,,,0,0,0,0,0,CAL,,CERO_DIRECTO,MEM_BEN,METODO_EMISIONES,
EM|2021|BEV2_00845,2021,ENER,COMBUSTION,1.A.1.b,Refinación de petróleo,PETR,TRANSFORMACION_REFINERIA,ENER,Use,E,BEV2_00845,4866.5722,5.52012733,LIQUID_FUELS,FOSIL,2021,OBS,73299.9994041804,2.99993080050927,0.600004275626012,,,0.40462533,0,1.656E-005,3.3121E-006,0.4059667165,CAL,,ACTIVIDAD_X_FE,MEM_BEN,UNFCCC_GTM_CRT_2024,
EM|2021|BEV2_00860,2021,ENER,COMBUSTION,1.A.1.a.i,Generación de electricidad,SOLAR,GENERACION_CENTRAL,ENER,Use,B,BEV2_00860,782.4327,782.4327,CERO_DIRECTO,SIN_EMISION_DIRECTA,2021,CAL,0,0,0,,,0,0,0,0,0,CAL,,CERO_DIRECTO,MEM_BEN,METODO_EMISIONES,
EM|2021|BEV2_00888,2021,ENER,COMBUSTION,1.A.1.a.i,Generación de electricidad,DOIL,GENERACION_CENTRAL,ENER,Use,E,BEV2_00888,47.7582,47.7582,COMB_DOIL,FOSIL,2021,PRX,74100,3,0.6,,,3.53888262,0,0.0001432746,2.865492E-005,3.5504878626,CAL,,ACTIVIDAD_X_FE,MEM_BEN,MARN_GTM_BTR1_2024,"Origen de factores: CO2: MARN_GTM_BTR1_2024 [PRX; BTR1 Guatemala 2024, tabla 3.6, p. 48; fila Gas/Diésel oíl; gas CO2]; CH4: MARN_GTM_BTR1_2024 [PRX; BTR1 Guatemala 2024, tabla 3.17, p. 57; fila Diésel; gas CH4]; N2O: MARN_GTM_BTR1_2024 [PRX; BTR1 Guatemala 2024, tabla 3.17, p. 57; fila Diésel; gas N2O]."
EM|2021|BEV2_00902,2021,ENER,COMBUSTION,1.A.1.a.i,Generación de electricidad,ELEC,GENERACION_CENTRAL,ENER,Supply,C,BEV2_00902,47888.344,47888.344,CERO_DIRECTO,SIN_EMISION_DIRECTA,2021,CAL,0,0,0,,,0,0,0,0,0,CAL,,CERO_DIRECTO,MEM_BEN,METODO_EMISIONES,
EM|2021|BEV2_00903,2021,ENER,COMBUSTION,1.A.1.a.i,Generación de electricidad,ELEC,AUTOPRODUCCION,ENER,Supply,C,BEV2_00903,3906.4697,3906.4697,CERO_DIRECTO,SIN_EMISION_DIRECTA,2021,CAL,0,0,0,,,0,0,0,0,0,CAL,,CERO_DIRECTO,MEM_BEN,METODO_EMISIONES,
EM|2021|BEV2_00904,2021,ENER,COMBUSTION,1.A.1.c,Fabricación de combustibles sólidos y otras industrias de la energía,ELEC,USO_ENER,ENER,Use,E,BEV2_00904,3389.554,3389.554,CERO_DIRECTO,SIN_EMISION_DIRECTA,2021,CAL,0,0,0,,,0,0,0,0,0,CAL,,CERO_DIRECTO,MEM_BEN,METODO_EMISIONES,
EM|2021|BEV2_00916,2021,ENER,COMBUSTION,1.A.1.a.i,Generación de electricidad,FOIL,GENERACION_CENTRAL,ENER,Use,E,BEV2_00916,2344.4512,2344.4512,COMB_FOIL,FOSIL,2021,PRX,77400,3,0.6,,,181.46052288,0,0.0070333536,0.00140667072,182.0302245216,CAL,,ACTIVIDAD_X_FE,MEM_BEN,MARN_GTM_BTR1_2024,"Origen de factores: CO2: MARN_GTM_BTR1_2024 [PRX; BTR1 Guatemala 2024, tabla 3.6, p. 48; fila Fuelóleo residual; gas CO2]; CH4: MARN_GTM_BTR1_2024 [PRX; BTR1 Guatemala 2024, tabla 3.17, p. 57; fila Fuelóleo residual; gas CH4]; N2O: MARN_GTM_BTR1_2024 [PRX; BTR1 Guatemala 2024, tabla 3.17, p. 57; fila Fuelóleo residual; gas N2O]."
EM|2021|BEV2_00917,2021,ENER,COMBUSTION,1.A.1.a.i,Generación de electricidad,FOIL,AUTOPRODUCCION,ENER,Use,E,BEV2_00917,67.0474,67.0474,COMB_FOIL,FOSIL,2021,PRX,77400,3,0.6,,,5.18946876,0,0.0002011422,4.022844E-005,5.2057612782,CAL,,ACTIVIDAD_X_FE,MEM_BEN,MARN_GTM_BTR1_2024,"Origen de factores: CO2: MARN_GTM_BTR1_2024 [PRX; BTR1 Guatemala 2024, tabla 3.6, p. 48; fila Fuelóleo residual; gas CO2]; CH4: MARN_GTM_BTR1_2024 [PRX; BTR1 Guatemala 2024, tabla 3.17, p. 57; fila Fuelóleo residual; gas CH4]; N2O: MARN_GTM_BTR1_2024 [PRX; BTR1 Guatemala 2024, tabla 3.17, p. 57; fila Fuelóleo residual; gas N2O]."
EM|2021|BEV2_00836,2021,HH,COMBUSTION,1.A.4.b,Residencial,LENA,USO_HH,HH,Use,F,BEV2_00836,303996.3976,303996.3976,BIOMASS,BIOGENICO,2021,OBS,111999.999745702,299.999999665397,3.99999999330795,,,0,34047.5964538943,91.198919178282,1.21598558836564,2875.80591790879,CAL,,ACTIVIDAD_X_FE,MEM_BEN,UNFCCC_GTM_CRT_2024,
EM|2021|BEV2_00906,2021,HH,COMBUSTION,1.A.4.b,Residencial,ELEC,USO_HH,HH,Use,F,BEV2_00906,15336.7732,15336.7732,CERO_DIRECTO,SIN_EMISION_DIRECTA,2021,CAL,0,0,0,,,0,0,0,0,0,CAL,,CERO_DIRECTO,MEM_BEN,METODO_EMISIONES,
EM|2021|BEV2_00948,2021,HH,COMBUSTION,1.A.4.b,Residencial,GLP,USO_HH,HH,Use,F,BEV2_00948,17567.2322,17567.2322,COMB_GLP,FOSIL,2021,PRX,63100,5,0.1,,,1108.49235182,0,0.087836161,0.00175672322,1111.4172959813,CAL,,ACTIVIDAD_X_FE,MEM_BEN,MARN_GTM_BTR1_2024,"Origen de factores: CO2: MARN_GTM_BTR1_2024 [PRX; BTR1 Guatemala 2024, tabla 3.6, p. 48; fila Gases licuados de petróleo; gas CO2]; CH4: MARN_GTM_BTR1_2024 [PRX; BTR1 Guatemala 2024, tabla 3.33, p. 70; fila Gases licuados de petróleo; gas CH4]; N2O: MARN_GTM_BTR1_2024 [PRX; BTR1 Guatemala 2024, tabla 3.33, p. 70; fila Gases licuados de petróleo; gas N2O]."
EM|2021|BEV2_00880,2021,IND_BEN,COMBUSTION,1.A.2,Industrias manufactureras y construcción,COQUE,USO_IND_BEN,IND_BEN,Use,E,BEV2_00880,15592.878,15592.878,COMB_COQUE,FOSIL,2021,PRX,97500,3,0.6,,,1520.305605,0,0.046778634,0.0093557268,1524.094674354,CAL,,ACTIVIDAD_X_FE,MEM_BEN,MARN_GTM_BTR1_2024,"Origen de factores: CO2: MARN_GTM_BTR1_2024 [PRX; BTR1 Guatemala 2024, tabla 3.6, p. 48; fila Coque de petróleo; gas CO2]; CH4: MARN_GTM_BTR1_2024 [PRX; BTR1 Guatemala 2024, tabla 3.22, p. 62; fila Coque de petróleo; gas CH4]; N2O: MARN_GTM_BTR1_2024 [PRX; BTR1 Guatemala 2024, tabla 3.22, p. 62; fila Coque de petróleo; gas N2O]."
EM|2021|BEV2_00894,2021,IND_BEN,COMBUSTION,1.A.2,Industrias manufactureras y construcción,DOIL,USO_IND_BEN,IND_BEN,Use,E,BEV2_00894,6828.9578,6828.9578,COMB_DOIL,FOSIL,2021,PRX,74100,3,0.6,,,506.02577298,0,0.0204868734,0.00409737468,507.6852097254,CAL,,ACTIVIDAD_X_FE,MEM_BEN,MARN_GTM_BTR1_2024,"Origen de factores: CO2: MARN_GTM_BTR1_2024 [PRX; BTR1 Guatemala 2024, tabla 3.6, p. 48; fila Gas/Diésel oíl; gas CO2]; CH4: MARN_GTM_BTR1_2024 [PRX; BTR1 Guatemala 2024, tabla 3.22, p. 62; fila Diésel; gas CH4]; N2O: MARN_GTM_BTR1_2024 [PRX; BTR1 Guatemala 2024, tabla 3.22, p. 62; fila Diésel; gas N2O]."
EM|2021|BEV2_00908,2021,IND_BEN,COMBUSTION,1.A.2,Industrias manufactureras y construcción,ELEC,USO_IND_BEN,IND_BEN,Use,E,BEV2_00908,16180.269,16180.269,CERO_DIRECTO,SIN_EMISION_DIRECTA,2021,CAL,0,0,0,,,0,0,0,0,0,CAL,,CERO_DIRECTO,MEM_BEN,METODO_EMISIONES,
EM|2021|BEV2_00922,2021,IND_BEN,COMBUSTION,1.A.2,Industrias manufactureras y construcción,FOIL,USO_IND_BEN,IND_BEN,Use,E,BEV2_00922,7190.8627,7190.8627,COMB_FOIL,FOSIL,2021,PRX,77400,3,0.6,,,556.57277298,0,0.0215725881,0.00431451762,558.3201526161,CAL,,ACTIVIDAD_X_FE,MEM_BEN,MARN_GTM_BTR1_2024,"Origen de factores: CO2: MARN_GTM_BTR1_2024 [PRX; BTR1 Guatemala 2024, tabla 3.6, p. 48; fila Fuelóleo residual; gas CO2]; CH4: MARN_GTM_BTR1_2024 [PRX; BTR1 Guatemala 2024, tabla 3.22, p. 62; fila Fuelóleo residual; gas CH4]; N2O: MARN_GTM_BTR1_2024 [PRX; BTR1 Guatemala 2024, tabla 3.22, p. 62; fila Fuelóleo residual; gas N2O]."
EM|2021|BEV2_00936,2021,IND_BEN,COMBUSTION,1.A.2,Industrias manufactureras y construcción,GAS,USO_IND_BEN,IND_BEN,Use,E,BEV2_00936,1688.6184,1688.6184,COMB_GAS,FOSIL,2021,PRX,69300,3,0.6,,,117.02125512,0,0.0050658552,0.00101317104,117.4315893912,CAL,,ACTIVIDAD_X_FE,MEM_BEN,MARN_GTM_BTR1_2024,"Origen de factores: CO2: MARN_GTM_BTR1_2024 [PRX; BTR1 Guatemala 2024, tabla 3.6, p. 48; fila Gasolina para motores; gas CO2]; CH4: MARN_GTM_BTR1_2024 [PRX; BTR1 Guatemala 2024, tabla 3.22, p. 62; fila Gasolina para motores; gas CH4]; N2O: MARN_GTM_BTR1_2024 [PRX; BTR1 Guatemala 2024, tabla 3.22, p. 62; fila Gasolina para motores; gas N2O]."
EM|2021|BEV2_00950,2021,IND_BEN,COMBUSTION,1.A.2,Industrias manufactureras y construcción,GLP,USO_IND_BEN,IND_BEN,Use,E,BEV2_00950,4562.9416,4562.9416,COMB_GLP,FOSIL,2021,PRX,63100,1,0.1,,,287.92161496,0,0.0045629416,0.00045629416,288.1702952772,CAL,,ACTIVIDAD_X_FE,MEM_BEN,MARN_GTM_BTR1_2024,"Origen de factores: CO2: MARN_GTM_BTR1_2024 [PRX; BTR1 Guatemala 2024, tabla 3.6, p. 48; fila Gases licuados de petróleo; gas CO2]; CH4: MARN_GTM_BTR1_2024 [PRX; BTR1 Guatemala 2024, tabla 3.22, p. 62; fila Gases licuados de petróleo; gas CH4]; N2O: MARN_GTM_BTR1_2024 [PRX; BTR1 Guatemala 2024, tabla 3.22, p. 62; fila Gases licuados de petróleo; gas N2O]."
EM|2021|BEV2_00837,2021,SERV,COMBUSTION,1.A.4.a,Comercial e institucional,LENA,USO_SERV,SERV,Use,E,BEV2_00837,9401.9744,9401.9744,BIOMASS,BIOGENICO,2021,OBS,111999.999783624,299.999999459059,4.0000001081882,,,0,1053.02113076563,2.82059231491409,0.0376078986171827,88.9426779511478,CAL,,ACTIVIDAD_X_FE,MEM_BEN,UNFCCC_GTM_CRT_2024,
EM|2021|BEV2_00907,2021,SERV,COMBUSTION,1.A.4.a,Comercial e institucional,ELEC,USO_SERV,SERV,Use,E,BEV2_00907,10818.4524,10818.4524,CERO_DIRECTO,SIN_EMISION_DIRECTA,2021,CAL,0,0,0,,,0,0,0,0,0,CAL,,CERO_DIRECTO,MEM_BEN,METODO_EMISIONES,
EM|2021|BEV2_00935,2021,SERV,COMBUSTION,1.A.4.a,Comercial e institucional,GAS,USO_SERV,SERV,Use,E,BEV2_00935,422.1546,422.1546,COMB_GAS,FOSIL,2021,PRX,69300,10,0.6,,,29.25531378,0,0.004221546,0.00025329276,29.4406396494,CAL,,ACTIVIDAD_X_FE,MEM_BEN,MARN_GTM_BTR1_2024,"Origen de factores: CO2: MARN_GTM_BTR1_2024 [PRX; BTR1 Guatemala 2024, tabla 3.6, p. 48; fila Gasolina para motores; gas CO2]; CH4: MARN_GTM_BTR1_2024 [PRX; BTR1 Guatemala 2024, tabla 3.33, p. 70; fila Gasolina para motores; gas CH4]; N2O: MARN_GTM_BTR1_2024 [PRX; BTR1 Guatemala 2024, tabla 3.33, p. 70; fila Gasolina para motores; gas N2O]."
EM|2021|BEV2_00949,2021,SERV,COMBUSTION,1.A.4.a,Comercial e institucional,GLP,USO_SERV,SERV,Use,E,BEV2_00949,456.3174,456.3174,COMB_GLP,FOSIL,2021,PRX,63100,5,0.1,,,28.79362794,0,0.002281587,4.563174E-005,28.8696047871,CAL,,ACTIVIDAD_X_FE,MEM_BEN,MARN_GTM_BTR1_2024,"Origen de factores: CO2: MARN_GTM_BTR1_2024 [PRX; BTR1 Guatemala 2024, tabla 3.6, p. 48; fila Gases licuados de petróleo; gas CO2]; CH4: MARN_GTM_BTR1_2024 [PRX; BTR1 Guatemala 2024, tabla 3.33, p. 70; fila Gases licuados de petróleo; gas CH4]; N2O: MARN_GTM_BTR1_2024 [PRX; BTR1 Guatemala 2024, tabla 3.33, p. 70; fila Gases licuados de petróleo; gas N2O]."
EM|2021|BEV2_00891,2021,TR_BEN,COMBUSTION,1.A.3,Transporte,DOIL,USO_TR_BEN,TR_BEN,Use,E,BEV2_00891,78533.2471,78533.2471,COMB_DOIL,FOSIL,2021,OBS,74100.0000205941,3.90000000790086,3.90000000790086,,,5819.31361172732,0,0.30627966431048,0.30627966431048,5909.05355337029,CAL,,ACTIVIDAD_X_FE,MEM_BEN,UNFCCC_GTM_CRT_2024,Origen de factores: CO2: UNFCCC_GTM_CRT_2024 [OBS; GTM-CRT-2024-V0.3-2021-20250304-084824_started.xlsx; Table1.A(a)s3; AD=C22; EM=H22; IEF=E22]; CH4: UNFCCC_GTM_CRT_2024 [OBS; GTM-CRT-2024-V0.3-2021-20250304-084824_started.xlsx; Table1.A(a)s3; AD=C22; EM=I22; IEF=F22]; N2O: UNFCCC_GTM_CRT_2024 [OBS; GTM-CRT-2024-V0.3-2021-20250304-084824_started.xlsx; Table1.A(a)s3; AD=C22; EM=J22; IEF=G22].
EM|2021|BEV2_00933,2021,TR_BEN,COMBUSTION,1.A.3,Transporte,GAS,USO_TR_BEN,TR_BEN,Use,E,BEV2_00933,82385.3933,82385.3933,COMB_GAS,FOSIL,2021,PRX,69300.5689165018,32.9735892081,3.19902485959712,,,5709.35462609976,0,2.71654211542196,0.263552921234386,5855.25932945869,CAL,,ACTIVIDAD_X_FE,MEM_BEN,UNFCCC_GTM_CRT_2024,Origen de factores: CO2: UNFCCC_GTM_CRT_2024 [PRX; GTM-CRT-2024-V0.3-2021-20250304-084824_started.xlsx; Table1.A(a)s3; AD=C17+C21; EM=H17+H21; IEF=E17+E21]; CH4: UNFCCC_GTM_CRT_2024 [PRX; GTM-CRT-2024-V0.3-2021-20250304-084824_started.xlsx; Table1.A(a)s3; AD=C17+C21; EM=I17+I21; IEF=F17+F21]; N2O: UNFCCC_GTM_CRT_2024 [PRX; GTM-CRT-2024-V0.3-2021-20250304-084824_started.xlsx; Table1.A(a)s3; AD=C17+C21; EM=J17+J21; IEF=G17+G21].
EM|2021|BEV2_00947,2021,TR_BEN,COMBUSTION,1.A.3,Transporte,GLP,USO_TR_BEN,TR_BEN,Use,E,BEV2_00947,228.1587,228.1587,COMB_GLP,FOSIL,2021,OBS,63100.0001591673,62.0000013999592,0.199997991013983,,,14.3968140063154,0,0.0141458397194129,4.56312816323621E-005,14.8049898080916,CAL,,ACTIVIDAD_X_FE,MEM_BEN,UNFCCC_GTM_CRT_2024,Origen de factores: CO2: UNFCCC_GTM_CRT_2024 [OBS; GTM-CRT-2024-V0.3-2021-20250304-084824_started.xlsx; Table1.A(a)s3; AD=C23; EM=H23; IEF=E23]; CH4: UNFCCC_GTM_CRT_2024 [OBS; GTM-CRT-2024-V0.3-2021-20250304-084824_started.xlsx; Table1.A(a)s3; AD=C23; EM=I23; IEF=F23]; N2O: UNFCCC_GTM_CRT_2024 [OBS; GTM-CRT-2024-V0.3-2021-20250304-084824_started.xlsx; Table1.A(a)s3; AD=C23; EM=J23; IEF=G23].
EM|2021|BEV2_00961,2021,TR_BEN,COMBUSTION,1.A.3,Transporte,KER,USO_TR_BEN,TR_BEN,Use,E,BEV2_00961,3456.4271,3456.4271,COMB_KER,FOSIL,2021,PRX,71500,0.5,2,,,247.13453765,0,0.00172821355,0.0069128542,249.0148339924,CAL,,ACTIVIDAD_X_FE,MEM_BEN,IPCC_2006_GL,"Origen de factores: CO2: IPCC_2006_GL [PRX; Volumen 2, capítulo 3, tabla 3.6.4, p. 3.64; fila Jet Kerosene; gas CO2]; CH4: IPCC_2006_GL [PRX; Volumen 2, capítulo 3, tabla 3.6.5, p. 3.64; fila All fuels; gas CH4]; N2O: IPCC_2006_GL [PRX; Volumen 2, capítulo 3, tabla 3.6.5, p. 3.64; fila All fuels; gas N2O]."
EM|2021|AGR|3.A|CH4,2021,A,AGRICULTURA,3.A,Fermentación entérica,,EMISION_OBSERVADA_CRT,A,,,AGR|2021|3.A|CH4,,,AGRICULTURA_CRT,NO_APLICA,2021,OBS,,,,CH4,172.366697,0,0,172.366697,0,4826.267516,OBS,,EMISION_OBSERVADA_CRT,UNFCCC_GTM_CRT_2024,UNFCCC_GTM_CRT_2024,
EM|2021|AGR|3.B|CH4,2021,A,AGRICULTURA,3.B,Gestión del estiércol,,EMISION_OBSERVADA_CRT,A,,,AGR|2021|3.B|CH4,,,AGRICULTURA_CRT,NO_APLICA,2021,OBS,,,,CH4,6.07765496,0,0,6.07765496,0,170.17433888,OBS,,EMISION_OBSERVADA_CRT,UNFCCC_GTM_CRT_2024,UNFCCC_GTM_CRT_2024,
EM|2021|AGR|3.B|N2O,2021,A,AGRICULTURA,3.B,Gestión del estiércol,,EMISION_OBSERVADA_CRT,A,,,AGR|2021|3.B|N2O,,,AGRICULTURA_CRT,NO_APLICA,2021,OBS,,,,N2O,0.893024997666326,0,0,0,0.893024997666326,236.651624381576,OBS,,EMISION_OBSERVADA_CRT,UNFCCC_GTM_CRT_2024,UNFCCC_GTM_CRT_2024,
EM|2021|AGR|3.C|CH4,2021,A,AGRICULTURA,3.C,Cultivo de arroz,,EMISION_OBSERVADA_CRT,A,,,AGR|2021|3.C|CH4,,,AGRICULTURA_CRT,NO_APLICA,2021,OBS,,,,CH4,0.81432565368,0,0,0.81432565368,0,22.80111830304,OBS,,EMISION_OBSERVADA_CRT,UNFCCC_GTM_CRT_2024,UNFCCC_GTM_CRT_2024,
EM|2021|AGR|3.D|N2O,2021,A,AGRICULTURA,3.D,Suelos agrícolas,,EMISION_OBSERVADA_CRT,A,,,AGR|2021|3.D|N2O,,,AGRICULTURA_CRT,NO_APLICA,2021,OBS,,,,N2O,3.50642951613805,0,0,0,3.50642951613805,929.203821776584,OBS,,EMISION_OBSERVADA_CRT,UNFCCC_GTM_CRT_2024,UNFCCC_GTM_CRT_2024,
EM|2021|AGR|3.E|CH4,2021,A,AGRICULTURA,3.E,Quema prescrita de sabanas,,EMISION_OBSERVADA_CRT,A,,,AGR|2021|3.E|CH4,,,AGRICULTURA_CRT,NO_APLICA,2021,OBS,,,,CH4,3.904782727656,0,0,3.904782727656,0,109.333916374368,OBS,,EMISION_OBSERVADA_CRT,UNFCCC_GTM_CRT_2024,UNFCCC_GTM_CRT_2024,
EM|2021|AGR|3.E|N2O,2021,A,AGRICULTURA,3.E,Quema prescrita de sabanas,,EMISION_OBSERVADA_CRT,A,,,AGR|2021|3.E|N2O,,,AGRICULTURA_CRT,NO_APLICA,2021,OBS,,,,N2O,0.3565236403512,0,0,0,0.3565236403512,94.478764693068,OBS,,EMISION_OBSERVADA_CRT,UNFCCC_GTM_CRT_2024,UNFCCC_GTM_CRT_2024,
EM|2021|AGR|3.F|CH4,2021,A,AGRICULTURA,3.F,Quema de residuos agrícolas en el campo,,TOTAL_SECTOR_MENOS_COMPONENTES,A,,,AGR|2021|3.F|CH4,,,AGRICULTURA_CRT,NO_APLICA,2021,CAL,,,,CH4,4.66490762075472,0,0,4.66490762075472,0,130.617413381132,CAL,,TOTAL_SECTOR_MENOS_COMPONENTES,UNFCCC_GTM_CRT_2024,UNFCCC_GTM_CRT_2024,
EM|2021|AGR|3.F|N2O,2021,A,AGRICULTURA,3.F,Quema de residuos agrícolas en el campo,,TOTAL_SECTOR_MENOS_COMPONENTES,A,,,AGR|2021|3.F|N2O,,,AGRICULTURA_CRT,NO_APLICA,2021,CAL,,,,N2O,0.120942049426975,0,0,0,0.120942049426975,32.0496430981483,CAL,,TOTAL_SECTOR_MENOS_COMPONENTES,UNFCCC_GTM_CRT_2024,UNFCCC_GTM_CRT_2024,
EM|2021|AGR|3.G|NO,2021,A,AGRICULTURA,3.G,Encalado,,SIN_CALCULO_NO,A,,,AGR|2021|3.G|NO,,,NO,NO_APLICA,2021,NO,,,,NO,,,,,,,NO,NO,SIN_CALCULO_NO,UNFCCC_GTM_CRT_2024,,
EM|2021|AGR|3.H|CO2,2021,A,AGRICULTURA,3.H,Aplicación de urea,,EMISION_OBSERVADA_CRT,A,,,AGR|2021|3.H|CO2,,,AGRICULTURA_CRT,FOSIL,2021,OBS,,,,CO2,38.4461308,38.4461308,0,0,0,38.4461308,OBS,,EMISION_OBSERVADA_CRT,UNFCCC_GTM_CRT_2024,UNFCCC_GTM_CRT_2024,
EM|2021|AGR|3.I|NO,2021,A,AGRICULTURA,3.I,Otros fertilizantes que contienen carbono,,SIN_CALCULO_NO,A,,,AGR|2021|3.I|NO,,,NO,NO_APLICA,2021,NO,,,,NO,,,,,,,NO,NO,SIN_CALCULO_NO,UNFCCC_GTM_CRT_2024,,
EM|2021|AGR|3.J|NO,2021,A,AGRICULTURA,3.J,Otros,,SIN_CALCULO_NO,A,,,AGR|2021|3.J|NO,,,NO,NO_APLICA,2021,NO,,,,NO,,,,,,,NO,NO,SIN_CALCULO_NO,UNFCCC_GTM_CRT_2024,,
EM|2022|BEV2_01079,2022,A,COMBUSTION,1.A.4.c,"Agricultura, silvicultura y pesca",LENA,FRONTERA_LENA_A,A,Supply,C,BEV2_01079,322845.8968,322845.8968,NO,BIOGENICO,2022,NO,,,,,,,,,,,NO,,SIN_CALCULO_NO,MEM_BEN,UNFCCC_GTM_CRT_2024,
EM|2022|BEV2_01009,2022,B,FUGITIVAS,1.B.1.a,Minería de carbón,CRBN,EXTRACCION_B,ENV,Supply,A,BEV2_01009,0,0,NO,FOSIL,2022,NO,,,,,,,,,,,NO,,SIN_CALCULO_NO,MEM_BEN,UNFCCC_GTM_CRT_2024,
EM|2022|BEV2_01051,2022,B,FUGITIVAS,1.B.2.b.ii,Producción y mejoramiento de gas natural,GN,EXTRACCION_B,ENV,Supply,A,BEV2_01051,43.2264,43.2264,NO,FOSIL,2022,NO,,,,,,,,,,,NO,,SIN_CALCULO_NO,MEM_BEN,UNFCCC_GTM_CRT_2024,
EM|2022|BEV2_01093,2022,B,FUGITIVAS,1.B.2.a.ii,Producción y mejoramiento de petróleo,PETR,EXTRACCION_B,ENV,Supply,A,BEV2_01093,7611.5067,7611.5067,FUGITIVA_PETROLEO,FOSIL,2022,OBS,0.00676909343060816,0.0928778003966022,,,,5.1523E-005,0,0.00070694,,0.019845843,CAL,,ACTIVIDAD_X_FE,MEM_BEN,UNFCCC_GTM_CRT_2024,CO2e parcial: N2O sin factor numérico; el total incluye solo los gases cuantificados.
EM|2022|BEV2_00986,2022,ENER,COMBUSTION,1.A.1.a.i,Generación de electricidad,BCANA,GENERACION_CENTRAL,ENER,Use,E,BEV2_00986,52745.5621,52745.5621,COMB_BCANA,BIOGENICO,2022,PRX,100000,30,4,,,0,5274.55621,1.582366863,0.2109822484,100.21656799,CAL,,ACTIVIDAD_X_FE,MEM_BEN,MARN_GTM_BTR1_2024,"Origen de factores: CO2: MARN_GTM_BTR1_2024 [PRX; BTR1 Guatemala 2024, tabla 3.6, p. 48; fila Otra biomasa sólida primaria; gas CO2]; CH4: MARN_GTM_BTR1_2024 [PRX; BTR1 Guatemala 2024, tabla 3.17, p. 57; fila Otra biomasa sólida primaria; gas CH4]; N2O: MARN_GTM_BTR1_2024 [PRX; BTR1 Guatemala 2024, tabla 3.17, p. 57; fila Otra biomasa sólida primaria; gas N2O]."
EM|2022|BEV2_00987,2022,ENER,COMBUSTION,1.A.1.a.i,Generación de electricidad,BCANA,AUTOPRODUCCION,ENER,Use,E,BEV2_00987,21894.404,21894.404,COMB_BCANA,BIOGENICO,2022,PRX,100000,30,4,,,0,2189.4404,0.65683212,0.087577616,41.5993676,CAL,,ACTIVIDAD_X_FE,MEM_BEN,MARN_GTM_BTR1_2024,"Origen de factores: CO2: MARN_GTM_BTR1_2024 [PRX; BTR1 Guatemala 2024, tabla 3.6, p. 48; fila Otra biomasa sólida primaria; gas CO2]; CH4: MARN_GTM_BTR1_2024 [PRX; BTR1 Guatemala 2024, tabla 3.17, p. 57; fila Otra biomasa sólida primaria; gas CH4]; N2O: MARN_GTM_BTR1_2024 [PRX; BTR1 Guatemala 2024, tabla 3.17, p. 57; fila Otra biomasa sólida primaria; gas N2O]."
EM|2022|BEV2_01000,2022,ENER,COMBUSTION,1.A.1.a.i,Generación de electricidad,BIOGAS,GENERACION_CENTRAL,ENER,Use,E,BEV2_01000,294.0441,294.0441,COMB_BIOGAS,BIOGENICO,2022,PRX,54600,1,0.1,,,0,16.05480786,0.0002940441,2.940441E-005,0.01602540345,CAL,,ACTIVIDAD_X_FE,MEM_BEN,MARN_GTM_BTR1_2024,"Origen de factores: CO2: MARN_GTM_BTR1_2024 [PRX; BTR1 Guatemala 2024, tabla 3.6, p. 48; fila Gas de vertedero; gas CO2]; CH4: MARN_GTM_BTR1_2024 [PRX; BTR1 Guatemala 2024, tabla 3.17, p. 57; fila Gas de vertedero; gas CH4]; N2O: MARN_GTM_BTR1_2024 [PRX; BTR1 Guatemala 2024, tabla 3.17, p. 57; fila Gas de vertedero; gas N2O]."
EM|2022|BEV2_01014,2022,ENER,COMBUSTION,1.A.1.a.i,Generación de electricidad,CRBN,GENERACION_CENTRAL,ENER,Use,E,BEV2_01014,15343.1061,15343.1061,COMB_CRBN,FOSIL,2022,PRX,98300,1,1.5,,,1508.22732963,0,0.0153431061,0.02301465915,1514.75582127555,CAL,,ACTIVIDAD_X_FE,MEM_BEN,MARN_GTM_BTR1_2024,"Origen de factores: CO2: MARN_GTM_BTR1_2024 [PRX; BTR1 Guatemala 2024, tabla 3.6, p. 48; fila Otro carbón bituminoso*; gas CO2]; CH4: MARN_GTM_BTR1_2024 [PRX; BTR1 Guatemala 2024, tabla 3.17, p. 57; fila Otro carbón bituminoso; gas CH4]; N2O: MARN_GTM_BTR1_2024 [PRX; BTR1 Guatemala 2024, tabla 3.17, p. 57; fila Otro carbón bituminoso; gas N2O]."
EM|2022|BEV2_01015,2022,ENER,COMBUSTION,1.A.1.a.i,Generación de electricidad,CRBN,AUTOPRODUCCION,ENER,Use,E,BEV2_01015,605.983,605.983,COMB_CRBN,FOSIL,2022,PRX,98300,1,1.5,,,59.5681289,0,0.000605983,0.0009089745,59.8259746665,CAL,,ACTIVIDAD_X_FE,MEM_BEN,MARN_GTM_BTR1_2024,"Origen de factores: CO2: MARN_GTM_BTR1_2024 [PRX; BTR1 Guatemala 2024, tabla 3.6, p. 48; fila Otro carbón bituminoso*; gas CO2]; CH4: MARN_GTM_BTR1_2024 [PRX; BTR1 Guatemala 2024, tabla 3.17, p. 57; fila Otro carbón bituminoso; gas CH4]; N2O: MARN_GTM_BTR1_2024 [PRX; BTR1 Guatemala 2024, tabla 3.17, p. 57; fila Otro carbón bituminoso; gas N2O]."
EM|2022|BEV2_01028,2022,ENER,COMBUSTION,1.A.1.a.i,Generación de electricidad,EOLICA,GENERACION_CENTRAL,ENER,Use,B,BEV2_01028,1135.2159,1135.2159,CERO_DIRECTO,SIN_EMISION_DIRECTA,2022,CAL,0,0,0,,,0,0,0,0,0,CAL,,CERO_DIRECTO,MEM_BEN,METODO_EMISIONES,
EM|2022|BEV2_01042,2022,ENER,COMBUSTION,1.A.1.a.i,Generación de electricidad,GEOE,GENERACION_CENTRAL,ENER,Use,B,BEV2_01042,11866.4602,11866.4602,CERO_DIRECTO,SIN_EMISION_DIRECTA,2022,CAL,0,0,0,,,0,0,0,0,0,CAL,,CERO_DIRECTO,MEM_BEN,METODO_EMISIONES,
EM|2022|BEV2_01056,2022,ENER,COMBUSTION,1.A.1.a.i,Generación de electricidad,GN,GENERACION_CENTRAL,ENER,Use,E,BEV2_01056,43.2264,43.2264,GASEOUS_FUELS,FOSIL,2022,OBS,56100.0000037876,1.00000061189815,0.100000061189815,,,2.42500104016372,0,4.32264264501543E-005,4.32264264501543E-006,2.42735688040526,CAL,,ACTIVIDAD_X_FE,MEM_BEN,UNFCCC_GTM_CRT_2024,
EM|2022|BEV2_01070,2022,ENER,COMBUSTION,1.A.1.a.i,Generación de electricidad,HYDR,GENERACION_CENTRAL,ENER,Use,B,BEV2_01070,31846.0044,31846.0044,CERO_DIRECTO,SIN_EMISION_DIRECTA,2022,CAL,0,0,0,,,0,0,0,0,0,CAL,,CERO_DIRECTO,MEM_BEN,METODO_EMISIONES,
EM|2022|BEV2_01071,2022,ENER,COMBUSTION,1.A.1.a.i,Generación de electricidad,HYDR,AUTOPRODUCCION,ENER,Use,B,BEV2_01071,116.1419,116.1419,CERO_DIRECTO,SIN_EMISION_DIRECTA,2022,CAL,0,0,0,,,0,0,0,0,0,CAL,,CERO_DIRECTO,MEM_BEN,METODO_EMISIONES,
EM|2022|BEV2_01097,2022,ENER,COMBUSTION,1.A.1.b,Refinación de petróleo,PETR,TRANSFORMACION_REFINERIA,ENER,Use,E,BEV2_01097,5029.2522,24.02212068,LIQUID_FUELS,FOSIL,2022,OBS,72251.0819140552,3.00000158021019,0.600001148608,,,1.735624209,0,7.20664E-005,1.44133E-005,1.7414615927,CAL,,ACTIVIDAD_X_FE,MEM_BEN,UNFCCC_GTM_CRT_2024,
EM|2022|BEV2_01112,2022,ENER,COMBUSTION,1.A.1.a.i,Generación de electricidad,SOLAR,GENERACION_CENTRAL,ENER,Use,B,BEV2_01112,793.646,793.646,CERO_DIRECTO,SIN_EMISION_DIRECTA,2022,CAL,0,0,0,,,0,0,0,0,0,CAL,,CERO_DIRECTO,MEM_BEN,METODO_EMISIONES,
EM|2022|BEV2_01140,2022,ENER,COMBUSTION,1.A.1.a.i,Generación de electricidad,DOIL,GENERACION_CENTRAL,ENER,Use,E,BEV2_01140,101.675,101.675,COMB_DOIL,FOSIL,2022,PRX,74100,3,0.6,,,7.5341175,0,0.000305025,6.1005E-005,7.558824525,CAL,,ACTIVIDAD_X_FE,MEM_BEN,MARN_GTM_BTR1_2024,"Origen de factores: CO2: MARN_GTM_BTR1_2024 [PRX; BTR1 Guatemala 2024, tabla 3.6, p. 48; fila Gas/Diésel oíl; gas CO2]; CH4: MARN_GTM_BTR1_2024 [PRX; BTR1 Guatemala 2024, tabla 3.17, p. 57; fila Diésel; gas CH4]; N2O: MARN_GTM_BTR1_2024 [PRX; BTR1 Guatemala 2024, tabla 3.17, p. 57; fila Diésel; gas N2O]."
EM|2022|BEV2_01154,2022,ENER,COMBUSTION,1.A.1.a.i,Generación de electricidad,ELEC,GENERACION_CENTRAL,ENER,Supply,C,BEV2_01154,44470.3791,44470.3791,CERO_DIRECTO,SIN_EMISION_DIRECTA,2022,CAL,0,0,0,,,0,0,0,0,0,CAL,,CERO_DIRECTO,MEM_BEN,METODO_EMISIONES,
EM|2022|BEV2_01155,2022,ENER,COMBUSTION,1.A.1.a.i,Generación de electricidad,ELEC,AUTOPRODUCCION,ENER,Supply,C,BEV2_01155,2860.9021,2860.9021,CERO_DIRECTO,SIN_EMISION_DIRECTA,2022,CAL,0,0,0,,,0,0,0,0,0,CAL,,CERO_DIRECTO,MEM_BEN,METODO_EMISIONES,
EM|2022|BEV2_01156,2022,ENER,COMBUSTION,1.A.1.c,Fabricación de combustibles sólidos y otras industrias de la energía,ELEC,USO_ENER,ENER,Use,E,BEV2_01156,2000.1506,2000.1506,CERO_DIRECTO,SIN_EMISION_DIRECTA,2022,CAL,0,0,0,,,0,0,0,0,0,CAL,,CERO_DIRECTO,MEM_BEN,METODO_EMISIONES,
EM|2022|BEV2_01168,2022,ENER,COMBUSTION,1.A.1.a.i,Generación de electricidad,FOIL,GENERACION_CENTRAL,ENER,Use,E,BEV2_01168,1428.4466,1428.4466,COMB_FOIL,FOSIL,2022,PRX,77400,3,0.6,,,110.56176684,0,0.0042853398,0.00085706796,110.9088793638,CAL,,ACTIVIDAD_X_FE,MEM_BEN,MARN_GTM_BTR1_2024,"Origen de factores: CO2: MARN_GTM_BTR1_2024 [PRX; BTR1 Guatemala 2024, tabla 3.6, p. 48; fila Fuelóleo residual; gas CO2]; CH4: MARN_GTM_BTR1_2024 [PRX; BTR1 Guatemala 2024, tabla 3.17, p. 57; fila Fuelóleo residual; gas CH4]; N2O: MARN_GTM_BTR1_2024 [PRX; BTR1 Guatemala 2024, tabla 3.17, p. 57; fila Fuelóleo residual; gas N2O]."
EM|2022|BEV2_01169,2022,ENER,COMBUSTION,1.A.1.a.i,Generación de electricidad,FOIL,AUTOPRODUCCION,ENER,Use,E,BEV2_01169,61.4117,61.4117,COMB_FOIL,FOSIL,2022,PRX,77400,3,0.6,,,4.75326558,0,0.0001842351,3.684702E-005,4.7681886231,CAL,,ACTIVIDAD_X_FE,MEM_BEN,MARN_GTM_BTR1_2024,"Origen de factores: CO2: MARN_GTM_BTR1_2024 [PRX; BTR1 Guatemala 2024, tabla 3.6, p. 48; fila Fuelóleo residual; gas CO2]; CH4: MARN_GTM_BTR1_2024 [PRX; BTR1 Guatemala 2024, tabla 3.17, p. 57; fila Fuelóleo residual; gas CH4]; N2O: MARN_GTM_BTR1_2024 [PRX; BTR1 Guatemala 2024, tabla 3.17, p. 57; fila Fuelóleo residual; gas N2O]."
EM|2022|BEV2_01088,2022,HH,COMBUSTION,1.A.4.b,Residencial,LENA,USO_HH,HH,Use,F,BEV2_01088,313160.5106,313160.5106,BIOMASS,BIOGENICO,2022,OBS,112000.000077955,300,3.99999999350378,,,0,35073.9772116123,93.94815318,1.25264204036564,2962.49842973689,CAL,,ACTIVIDAD_X_FE,MEM_BEN,UNFCCC_GTM_CRT_2024,
EM|2022|BEV2_01158,2022,HH,COMBUSTION,1.A.4.b,Residencial,ELEC,USO_HH,HH,Use,F,BEV2_01158,14717.1948,14717.1948,CERO_DIRECTO,SIN_EMISION_DIRECTA,2022,CAL,0,0,0,,,0,0,0,0,0,CAL,,CERO_DIRECTO,MEM_BEN,METODO_EMISIONES,
EM|2022|BEV2_01200,2022,HH,COMBUSTION,1.A.4.b,Residencial,GLP,USO_HH,HH,Use,F,BEV2_01200,18564.4025,18564.4025,COMB_GLP,FOSIL,2022,PRX,63100,5,0.1,,,1171.41379775,0,0.0928220125,0.00185644025,1174.50477076625,CAL,,ACTIVIDAD_X_FE,MEM_BEN,MARN_GTM_BTR1_2024,"Origen de factores: CO2: MARN_GTM_BTR1_2024 [PRX; BTR1 Guatemala 2024, tabla 3.6, p. 48; fila Gases licuados de petróleo; gas CO2]; CH4: MARN_GTM_BTR1_2024 [PRX; BTR1 Guatemala 2024, tabla 3.33, p. 70; fila Gases licuados de petróleo; gas CH4]; N2O: MARN_GTM_BTR1_2024 [PRX; BTR1 Guatemala 2024, tabla 3.33, p. 70; fila Gases licuados de petróleo; gas N2O]."
EM|2022|BEV2_01132,2022,IND_BEN,COMBUSTION,1.A.2,Industrias manufactureras y construcción,COQUE,USO_IND_BEN,IND_BEN,Use,E,BEV2_01132,26428.7023,26428.7023,COMB_COQUE,FOSIL,2022,PRX,97500,3,0.6,,,2576.79847425,0,0.0792861069,0.01585722138,2583.2206489089,CAL,,ACTIVIDAD_X_FE,MEM_BEN,MARN_GTM_BTR1_2024,"Origen de factores: CO2: MARN_GTM_BTR1_2024 [PRX; BTR1 Guatemala 2024, tabla 3.6, p. 48; fila Coque de petróleo; gas CO2]; CH4: MARN_GTM_BTR1_2024 [PRX; BTR1 Guatemala 2024, tabla 3.22, p. 62; fila Coque de petróleo; gas CH4]; N2O: MARN_GTM_BTR1_2024 [PRX; BTR1 Guatemala 2024, tabla 3.22, p. 62; fila Coque de petróleo; gas N2O]."
EM|2022|BEV2_01146,2022,IND_BEN,COMBUSTION,1.A.2,Industrias manufactureras y construcción,DOIL,USO_IND_BEN,IND_BEN,Use,E,BEV2_01146,6602.8326,6602.8326,COMB_DOIL,FOSIL,2022,PRX,74100,3,0.6,,,489.26989566,0,0.0198084978,0.00396169956,490.8743839818,CAL,,ACTIVIDAD_X_FE,MEM_BEN,MARN_GTM_BTR1_2024,"Origen de factores: CO2: MARN_GTM_BTR1_2024 [PRX; BTR1 Guatemala 2024, tabla 3.6, p. 48; fila Gas/Diésel oíl; gas CO2]; CH4: MARN_GTM_BTR1_2024 [PRX; BTR1 Guatemala 2024, tabla 3.22, p. 62; fila Diésel; gas CH4]; N2O: MARN_GTM_BTR1_2024 [PRX; BTR1 Guatemala 2024, tabla 3.22, p. 62; fila Diésel; gas N2O]."
EM|2022|BEV2_01160,2022,IND_BEN,COMBUSTION,1.A.2,Industrias manufactureras y construcción,ELEC,USO_IND_BEN,IND_BEN,Use,E,BEV2_01160,15335.495,15335.495,CERO_DIRECTO,SIN_EMISION_DIRECTA,2022,CAL,0,0,0,,,0,0,0,0,0,CAL,,CERO_DIRECTO,MEM_BEN,METODO_EMISIONES,
EM|2022|BEV2_01174,2022,IND_BEN,COMBUSTION,1.A.2,Industrias manufactureras y construcción,FOIL,USO_IND_BEN,IND_BEN,Use,E,BEV2_01174,8171.5907,8171.5907,COMB_FOIL,FOSIL,2022,PRX,77400,3,0.6,,,632.48112018,0,0.0245147721,0.00490295442,634.4668167201,CAL,,ACTIVIDAD_X_FE,MEM_BEN,MARN_GTM_BTR1_2024,"Origen de factores: CO2: MARN_GTM_BTR1_2024 [PRX; BTR1 Guatemala 2024, tabla 3.6, p. 48; fila Fuelóleo residual; gas CO2]; CH4: MARN_GTM_BTR1_2024 [PRX; BTR1 Guatemala 2024, tabla 3.22, p. 62; fila Fuelóleo residual; gas CH4]; N2O: MARN_GTM_BTR1_2024 [PRX; BTR1 Guatemala 2024, tabla 3.22, p. 62; fila Fuelóleo residual; gas N2O]."
EM|2022|BEV2_01188,2022,IND_BEN,COMBUSTION,1.A.2,Industrias manufactureras y construcción,GAS,USO_IND_BEN,IND_BEN,Use,E,BEV2_01188,1660.4399,1660.4399,COMB_GAS,FOSIL,2022,PRX,69300,3,0.6,,,115.06848507,0,0.0049813197,0.00099626394,115.4719719657,CAL,,ACTIVIDAD_X_FE,MEM_BEN,MARN_GTM_BTR1_2024,"Origen de factores: CO2: MARN_GTM_BTR1_2024 [PRX; BTR1 Guatemala 2024, tabla 3.6, p. 48; fila Gasolina para motores; gas CO2]; CH4: MARN_GTM_BTR1_2024 [PRX; BTR1 Guatemala 2024, tabla 3.22, p. 62; fila Gasolina para motores; gas CH4]; N2O: MARN_GTM_BTR1_2024 [PRX; BTR1 Guatemala 2024, tabla 3.22, p. 62; fila Gasolina para motores; gas N2O]."
EM|2022|BEV2_01202,2022,IND_BEN,COMBUSTION,1.A.2,Industrias manufactureras y construcción,GLP,USO_IND_BEN,IND_BEN,Use,E,BEV2_01202,4821.8933,4821.8933,COMB_GLP,FOSIL,2022,PRX,63100,1,0.1,,,304.26146723,0,0.0048218933,0.00048218933,304.52426041485,CAL,,ACTIVIDAD_X_FE,MEM_BEN,MARN_GTM_BTR1_2024,"Origen de factores: CO2: MARN_GTM_BTR1_2024 [PRX; BTR1 Guatemala 2024, tabla 3.6, p. 48; fila Gases licuados de petróleo; gas CO2]; CH4: MARN_GTM_BTR1_2024 [PRX; BTR1 Guatemala 2024, tabla 3.22, p. 62; fila Gases licuados de petróleo; gas CH4]; N2O: MARN_GTM_BTR1_2024 [PRX; BTR1 Guatemala 2024, tabla 3.22, p. 62; fila Gases licuados de petróleo; gas N2O]."
EM|2022|BEV2_01089,2022,SERV,COMBUSTION,1.A.4.a,Comercial e institucional,LENA,USO_SERV,SERV,Use,E,BEV2_01089,9685.3862,9685.3862,BIOMASS,BIOGENICO,2022,OBS,111999.999773152,299.999999579911,3.99999950429495,,,0,1084.76325220289,2.90561585593128,0.0387415399989051,91.6237520657856,CAL,,ACTIVIDAD_X_FE,MEM_BEN,UNFCCC_GTM_CRT_2024,
EM|2022|BEV2_01159,2022,SERV,COMBUSTION,1.A.4.a,Comercial e institucional,ELEC,USO_SERV,SERV,Use,E,BEV2_01159,10452.0157,10452.0157,CERO_DIRECTO,SIN_EMISION_DIRECTA,2022,CAL,0,0,0,,,0,0,0,0,0,CAL,,CERO_DIRECTO,MEM_BEN,METODO_EMISIONES,
EM|2022|BEV2_01187,2022,SERV,COMBUSTION,1.A.4.a,Comercial e institucional,GAS,USO_SERV,SERV,Use,E,BEV2_01187,415.1245,415.1245,COMB_GAS,FOSIL,2022,PRX,69300,10,0.6,,,28.76812785,0,0.004151245,0.0002490747,28.9503675055,CAL,,ACTIVIDAD_X_FE,MEM_BEN,MARN_GTM_BTR1_2024,"Origen de factores: CO2: MARN_GTM_BTR1_2024 [PRX; BTR1 Guatemala 2024, tabla 3.6, p. 48; fila Gasolina para motores; gas CO2]; CH4: MARN_GTM_BTR1_2024 [PRX; BTR1 Guatemala 2024, tabla 3.33, p. 70; fila Gasolina para motores; gas CH4]; N2O: MARN_GTM_BTR1_2024 [PRX; BTR1 Guatemala 2024, tabla 3.33, p. 70; fila Gasolina para motores; gas N2O]."
EM|2022|BEV2_01201,2022,SERV,COMBUSTION,1.A.4.a,Comercial e institucional,GLP,USO_SERV,SERV,Use,E,BEV2_01201,482.1719,482.1719,COMB_GLP,FOSIL,2022,PRX,63100,5,0.1,,,30.42504689,0,0.0024108595,4.821719E-005,30.50532851135,CAL,,ACTIVIDAD_X_FE,MEM_BEN,MARN_GTM_BTR1_2024,"Origen de factores: CO2: MARN_GTM_BTR1_2024 [PRX; BTR1 Guatemala 2024, tabla 3.6, p. 48; fila Gases licuados de petróleo; gas CO2]; CH4: MARN_GTM_BTR1_2024 [PRX; BTR1 Guatemala 2024, tabla 3.33, p. 70; fila Gases licuados de petróleo; gas CH4]; N2O: MARN_GTM_BTR1_2024 [PRX; BTR1 Guatemala 2024, tabla 3.33, p. 70; fila Gases licuados de petróleo; gas N2O]."
EM|2022|BEV2_01143,2022,TR_BEN,COMBUSTION,1.A.3,Transporte,DOIL,USO_TR_BEN,TR_BEN,Use,E,BEV2_01143,75932.4006,75932.4006,COMB_DOIL,FOSIL,2022,OBS,74100.000087609,3.8999999552578,3.8999999552578,,,5626.59089111236,0,0.296136358942618,0.296136358942618,5713.35884428255,CAL,,ACTIVIDAD_X_FE,MEM_BEN,UNFCCC_GTM_CRT_2024,Origen de factores: CO2: UNFCCC_GTM_CRT_2024 [OBS; GTM-CRT-2024-V0.3-2022-20250304-084824_started.xlsx; Table1.A(a)s3; AD=C22; EM=H22; IEF=E22]; CH4: UNFCCC_GTM_CRT_2024 [OBS; GTM-CRT-2024-V0.3-2022-20250304-084824_started.xlsx; Table1.A(a)s3; AD=C22; EM=I22; IEF=F22]; N2O: UNFCCC_GTM_CRT_2024 [OBS; GTM-CRT-2024-V0.3-2022-20250304-084824_started.xlsx; Table1.A(a)s3; AD=C22; EM=J22; IEF=G22].
EM|2022|BEV2_01185,2022,TR_BEN,COMBUSTION,1.A.3,Transporte,GAS,USO_TR_BEN,TR_BEN,Use,E,BEV2_01185,81023.7036,81023.7036,COMB_GAS,FOSIL,2022,PRX,69300.6912813097,32.9679032524748,3.19881485400936,,,5614.99866965194,0,2.67118162144199,0.259179826602532,5758.47440910199,CAL,,ACTIVIDAD_X_FE,MEM_BEN,UNFCCC_GTM_CRT_2024,Origen de factores: CO2: UNFCCC_GTM_CRT_2024 [PRX; GTM-CRT-2024-V0.3-2022-20250304-084824_started.xlsx; Table1.A(a)s3; AD=C17+C21; EM=H17+H21; IEF=E17+E21]; CH4: UNFCCC_GTM_CRT_2024 [PRX; GTM-CRT-2024-V0.3-2022-20250304-084824_started.xlsx; Table1.A(a)s3; AD=C17+C21; EM=I17+I21; IEF=F17+F21]; N2O: UNFCCC_GTM_CRT_2024 [PRX; GTM-CRT-2024-V0.3-2022-20250304-084824_started.xlsx; Table1.A(a)s3; AD=C17+C21; EM=J17+J21; IEF=G17+G21].
EM|2022|BEV2_01199,2022,TR_BEN,COMBUSTION,1.A.3,Transporte,GLP,USO_TR_BEN,TR_BEN,Use,E,BEV2_01199,241.115,241.115,COMB_GLP,FOSIL,2022,OBS,63100.0002354194,61.9999810820671,0.200001027744971,,,15.2143565567632,0,0.0149491254386026,4.82232478047287E-005,15.6457112297123,CAL,,ACTIVIDAD_X_FE,MEM_BEN,UNFCCC_GTM_CRT_2024,Origen de factores: CO2: UNFCCC_GTM_CRT_2024 [OBS; GTM-CRT-2024-V0.3-2022-20250304-084824_started.xlsx; Table1.A(a)s3; AD=C23; EM=H23; IEF=E23]; CH4: UNFCCC_GTM_CRT_2024 [OBS; GTM-CRT-2024-V0.3-2022-20250304-084824_started.xlsx; Table1.A(a)s3; AD=C23; EM=I23; IEF=F23]; N2O: UNFCCC_GTM_CRT_2024 [OBS; GTM-CRT-2024-V0.3-2022-20250304-084824_started.xlsx; Table1.A(a)s3; AD=C23; EM=J23; IEF=G23].
EM|2022|BEV2_01213,2022,TR_BEN,COMBUSTION,1.A.3,Transporte,KER,USO_TR_BEN,TR_BEN,Use,E,BEV2_01213,4486.1334,4486.1334,COMB_KER,FOSIL,2022,PRX,71500,0.5,2,,,320.7585381,0,0.0022430667,0.0089722668,323.1989946696,CAL,,ACTIVIDAD_X_FE,MEM_BEN,IPCC_2006_GL,"Origen de factores: CO2: IPCC_2006_GL [PRX; Volumen 2, capítulo 3, tabla 3.6.4, p. 3.64; fila Jet Kerosene; gas CO2]; CH4: IPCC_2006_GL [PRX; Volumen 2, capítulo 3, tabla 3.6.5, p. 3.64; fila All fuels; gas CH4]; N2O: IPCC_2006_GL [PRX; Volumen 2, capítulo 3, tabla 3.6.5, p. 3.64; fila All fuels; gas N2O]."
EM|2022|AGR|3.A|CH4,2022,A,AGRICULTURA,3.A,Fermentación entérica,,EMISION_OBSERVADA_CRT,A,,,AGR|2022|3.A|CH4,,,AGRICULTURA_CRT,NO_APLICA,2022,OBS,,,,CH4,173.940421,0,0,173.940421,0,4870.331788,OBS,,EMISION_OBSERVADA_CRT,UNFCCC_GTM_CRT_2024,UNFCCC_GTM_CRT_2024,
EM|2022|AGR|3.B|CH4,2022,A,AGRICULTURA,3.B,Gestión del estiércol,,EMISION_OBSERVADA_CRT,A,,,AGR|2022|3.B|CH4,,,AGRICULTURA_CRT,NO_APLICA,2022,OBS,,,,CH4,6.16906602,0,0,6.16906602,0,172.73384856,OBS,,EMISION_OBSERVADA_CRT,UNFCCC_GTM_CRT_2024,UNFCCC_GTM_CRT_2024,
EM|2022|AGR|3.B|N2O,2022,A,AGRICULTURA,3.B,Gestión del estiércol,,EMISION_OBSERVADA_CRT,A,,,AGR|2022|3.B|N2O,,,AGRICULTURA_CRT,NO_APLICA,2022,OBS,,,,N2O,0.90690116254556,0,0,0,0.90690116254556,240.328808074573,OBS,,EMISION_OBSERVADA_CRT,UNFCCC_GTM_CRT_2024,UNFCCC_GTM_CRT_2024,
EM|2022|AGR|3.C|CH4,2022,A,AGRICULTURA,3.C,Cultivo de arroz,,EMISION_OBSERVADA_CRT,A,,,AGR|2022|3.C|CH4,,,AGRICULTURA_CRT,NO_APLICA,2022,OBS,,,,CH4,0.83685504903,0,0,0.83685504903,0,23.43194137284,OBS,,EMISION_OBSERVADA_CRT,UNFCCC_GTM_CRT_2024,UNFCCC_GTM_CRT_2024,
EM|2022|AGR|3.D|N2O,2022,A,AGRICULTURA,3.D,Suelos agrícolas,,EMISION_OBSERVADA_CRT,A,,,AGR|2022|3.D|N2O,,,AGRICULTURA_CRT,NO_APLICA,2022,OBS,,,,N2O,3.22792973582623,0,0,0,3.22792973582623,855.40137999395,OBS,,EMISION_OBSERVADA_CRT,UNFCCC_GTM_CRT_2024,UNFCCC_GTM_CRT_2024,
EM|2022|AGR|3.E|CH4,2022,A,AGRICULTURA,3.E,Quema prescrita de sabanas,,EMISION_OBSERVADA_CRT,A,,,AGR|2022|3.E|CH4,,,AGRICULTURA_CRT,NO_APLICA,2022,OBS,,,,CH4,4.385229784857,0,0,4.385229784857,0,122.786433975996,OBS,,EMISION_OBSERVADA_CRT,UNFCCC_GTM_CRT_2024,UNFCCC_GTM_CRT_2024,
EM|2022|AGR|3.E|N2O,2022,A,AGRICULTURA,3.E,Quema prescrita de sabanas,,EMISION_OBSERVADA_CRT,A,,,AGR|2022|3.E|N2O,,,AGRICULTURA_CRT,NO_APLICA,2022,OBS,,,,N2O,0.4003905455739,0,0,0,0.4003905455739,106.103494577084,OBS,,EMISION_OBSERVADA_CRT,UNFCCC_GTM_CRT_2024,UNFCCC_GTM_CRT_2024,
EM|2022|AGR|3.F|CH4,2022,A,AGRICULTURA,3.F,Quema de residuos agrícolas en el campo,,TOTAL_SECTOR_MENOS_COMPONENTES,A,,,AGR|2022|3.F|CH4,,,AGRICULTURA_CRT,NO_APLICA,2022,CAL,,,,CH4,4.44306595293898,0,0,4.44306595293898,0,124.405846682291,CAL,,TOTAL_SECTOR_MENOS_COMPONENTES,UNFCCC_GTM_CRT_2024,UNFCCC_GTM_CRT_2024,
EM|2022|AGR|3.F|N2O,2022,A,AGRICULTURA,3.F,Quema de residuos agrícolas en el campo,,TOTAL_SECTOR_MENOS_COMPONENTES,A,,,AGR|2022|3.F|N2O,,,AGRICULTURA_CRT,NO_APLICA,2022,CAL,,,,N2O,0.1151905987799,0,0,0,0.1151905987799,30.5255086766736,CAL,,TOTAL_SECTOR_MENOS_COMPONENTES,UNFCCC_GTM_CRT_2024,UNFCCC_GTM_CRT_2024,
EM|2022|AGR|3.G|NO,2022,A,AGRICULTURA,3.G,Encalado,,SIN_CALCULO_NO,A,,,AGR|2022|3.G|NO,,,NO,NO_APLICA,2022,NO,,,,NO,,,,,,,NO,NO,SIN_CALCULO_NO,UNFCCC_GTM_CRT_2024,,
EM|2022|AGR|3.H|CO2,2022,A,AGRICULTURA,3.H,Aplicación de urea,,EMISION_OBSERVADA_CRT,A,,,AGR|2022|3.H|CO2,,,AGRICULTURA_CRT,FOSIL,2022,OBS,,,,CO2,32.3869824,32.3869824,0,0,0,32.3869824,OBS,,EMISION_OBSERVADA_CRT,UNFCCC_GTM_CRT_2024,UNFCCC_GTM_CRT_2024,
EM|2022|AGR|3.I|NO,2022,A,AGRICULTURA,3.I,Otros fertilizantes que contienen carbono,,SIN_CALCULO_NO,A,,,AGR|2022|3.I|NO,,,NO,NO_APLICA,2022,NO,,,,NO,,,,,,,NO,NO,SIN_CALCULO_NO,UNFCCC_GTM_CRT_2024,,
EM|2022|AGR|3.J|NO,2022,A,AGRICULTURA,3.J,Otros,,SIN_CALCULO_NO,A,,,AGR|2022|3.J|NO,,,NO,NO_APLICA,2022,NO,,,,NO,,,,,,,NO,NO,SIN_CALCULO_NO,UNFCCC_GTM_CRT_2024,,
EM|2023|BEV2_01345,2023,A,COMBUSTION,1.A.4.c,"Agricultura, silvicultura y pesca",LENA,FRONTERA_LENA_A,A,Supply,C,BEV2_01345,332578.2278,332578.2278,NO,BIOGENICO,2022,NO,,,,,,,,,,,NO,,SIN_CALCULO_NO,MEM_BEN,UNFCCC_GTM_CRT_2024,
EM|2023|BEV2_01275,2023,B,FUGITIVAS,1.B.1.a,Minería de carbón,CRBN,EXTRACCION_B,ENV,Supply,A,BEV2_01275,0,0,NO,FOSIL,2022,NO,,,,,,,,,,,NO,,SIN_CALCULO_NO,MEM_BEN,UNFCCC_GTM_CRT_2024,
EM|2023|BEV2_01317,2023,B,FUGITIVAS,1.B.2.b.ii,Producción y mejoramiento de gas natural,GN,EXTRACCION_B,ENV,Supply,A,BEV2_01317,0,0,NO,FOSIL,2022,NO,,,,,,,,,,,NO,,SIN_CALCULO_NO,MEM_BEN,UNFCCC_GTM_CRT_2024,
EM|2023|BEV2_01359,2023,B,FUGITIVAS,1.B.2.a.ii,Producción y mejoramiento de petróleo,PETR,EXTRACCION_B,ENV,Supply,A,BEV2_01359,10510.2319,10510.2319,FUGITIVA_PETROLEO,FOSIL,2022,PRX,0.00676909343060816,0.0928778003966022,,,,7.11447417084583E-005,0,0.0009761672205302,,0.0274038269165541,CAL,,ACTIVIDAD_X_FE,MEM_BEN,UNFCCC_GTM_CRT_2024,CO2e parcial: N2O sin factor numérico; el total incluye solo los gases cuantificados.
EM|2023|BEV2_01252,2023,ENER,COMBUSTION,1.A.1.a.i,Generación de electricidad,BCANA,GENERACION_CENTRAL,ENER,Use,E,BEV2_01252,58056.7155,58056.7155,COMB_BCANA,BIOGENICO,2022,PRX,100000,30,4,,,0,5805.67155,1.741701465,0.232226862,110.30775945,CAL,,ACTIVIDAD_X_FE,MEM_BEN,MARN_GTM_BTR1_2024,"Origen de factores: CO2: MARN_GTM_BTR1_2024 [PRX; BTR1 Guatemala 2024, tabla 3.6, p. 48; fila Otra biomasa sólida primaria; gas CO2]; CH4: MARN_GTM_BTR1_2024 [PRX; BTR1 Guatemala 2024, tabla 3.17, p. 57; fila Otra biomasa sólida primaria; gas CH4]; N2O: MARN_GTM_BTR1_2024 [PRX; BTR1 Guatemala 2024, tabla 3.17, p. 57; fila Otra biomasa sólida primaria; gas N2O]."
EM|2023|BEV2_01253,2023,ENER,COMBUSTION,1.A.1.a.i,Generación de electricidad,BCANA,AUTOPRODUCCION,ENER,Use,E,BEV2_01253,31011.8046,31011.8046,COMB_BCANA,BIOGENICO,2022,PRX,100000,30,4,,,0,3101.18046,0.930354138,0.1240472184,58.92242874,CAL,,ACTIVIDAD_X_FE,MEM_BEN,MARN_GTM_BTR1_2024,"Origen de factores: CO2: MARN_GTM_BTR1_2024 [PRX; BTR1 Guatemala 2024, tabla 3.6, p. 48; fila Otra biomasa sólida primaria; gas CO2]; CH4: MARN_GTM_BTR1_2024 [PRX; BTR1 Guatemala 2024, tabla 3.17, p. 57; fila Otra biomasa sólida primaria; gas CH4]; N2O: MARN_GTM_BTR1_2024 [PRX; BTR1 Guatemala 2024, tabla 3.17, p. 57; fila Otra biomasa sólida primaria; gas N2O]."
EM|2023|BEV2_01266,2023,ENER,COMBUSTION,1.A.1.a.i,Generación de electricidad,BIOGAS,GENERACION_CENTRAL,ENER,Use,E,BEV2_01266,362.4278,362.4278,COMB_BIOGAS,BIOGENICO,2022,PRX,54600,1,0.1,,,0,19.78855788,0.0003624278,3.624278E-005,0.0197523151,CAL,,ACTIVIDAD_X_FE,MEM_BEN,MARN_GTM_BTR1_2024,"Origen de factores: CO2: MARN_GTM_BTR1_2024 [PRX; BTR1 Guatemala 2024, tabla 3.6, p. 48; fila Gas de vertedero; gas CO2]; CH4: MARN_GTM_BTR1_2024 [PRX; BTR1 Guatemala 2024, tabla 3.17, p. 57; fila Gas de vertedero; gas CH4]; N2O: MARN_GTM_BTR1_2024 [PRX; BTR1 Guatemala 2024, tabla 3.17, p. 57; fila Gas de vertedero; gas N2O]."
EM|2023|BEV2_01280,2023,ENER,COMBUSTION,1.A.1.a.i,Generación de electricidad,CRBN,GENERACION_CENTRAL,ENER,Use,E,BEV2_01280,25264.9012,25264.9012,COMB_CRBN,FOSIL,2022,PRX,98300,1,1.5,,,2483.53978796,0,0.0252649012,0.0378973518,2494.2900034206,CAL,,ACTIVIDAD_X_FE,MEM_BEN,MARN_GTM_BTR1_2024,"Origen de factores: CO2: MARN_GTM_BTR1_2024 [PRX; BTR1 Guatemala 2024, tabla 3.6, p. 48; fila Otro carbón bituminoso*; gas CO2]; CH4: MARN_GTM_BTR1_2024 [PRX; BTR1 Guatemala 2024, tabla 3.17, p. 57; fila Otro carbón bituminoso; gas CH4]; N2O: MARN_GTM_BTR1_2024 [PRX; BTR1 Guatemala 2024, tabla 3.17, p. 57; fila Otro carbón bituminoso; gas N2O]."
EM|2023|BEV2_01281,2023,ENER,COMBUSTION,1.A.1.a.i,Generación de electricidad,CRBN,AUTOPRODUCCION,ENER,Use,E,BEV2_01281,5139.8165,5139.8165,COMB_CRBN,FOSIL,2022,PRX,98300,1,1.5,,,505.24396195,0,0.0051398165,0.00770972475,507.43095387075,CAL,,ACTIVIDAD_X_FE,MEM_BEN,MARN_GTM_BTR1_2024,"Origen de factores: CO2: MARN_GTM_BTR1_2024 [PRX; BTR1 Guatemala 2024, tabla 3.6, p. 48; fila Otro carbón bituminoso*; gas CO2]; CH4: MARN_GTM_BTR1_2024 [PRX; BTR1 Guatemala 2024, tabla 3.17, p. 57; fila Otro carbón bituminoso; gas CH4]; N2O: MARN_GTM_BTR1_2024 [PRX; BTR1 Guatemala 2024, tabla 3.17, p. 57; fila Otro carbón bituminoso; gas N2O]."
EM|2023|BEV2_01294,2023,ENER,COMBUSTION,1.A.1.a.i,Generación de electricidad,EOLICA,GENERACION_CENTRAL,ENER,Use,B,BEV2_01294,1248.5109,1248.5109,CERO_DIRECTO,SIN_EMISION_DIRECTA,2022,CAL,0,0,0,,,0,0,0,0,0,CAL,,CERO_DIRECTO,MEM_BEN,METODO_EMISIONES,
EM|2023|BEV2_01308,2023,ENER,COMBUSTION,1.A.1.a.i,Generación de electricidad,GEOE,GENERACION_CENTRAL,ENER,Use,B,BEV2_01308,11880.869,11880.869,CERO_DIRECTO,SIN_EMISION_DIRECTA,2022,CAL,0,0,0,,,0,0,0,0,0,CAL,,CERO_DIRECTO,MEM_BEN,METODO_EMISIONES,
EM|2023|BEV2_01336,2023,ENER,COMBUSTION,1.A.1.a.i,Generación de electricidad,HYDR,GENERACION_CENTRAL,ENER,Use,B,BEV2_01336,25658.7611,25658.7611,CERO_DIRECTO,SIN_EMISION_DIRECTA,2022,CAL,0,0,0,,,0,0,0,0,0,CAL,,CERO_DIRECTO,MEM_BEN,METODO_EMISIONES,
EM|2023|BEV2_01337,2023,ENER,COMBUSTION,1.A.1.a.i,Generación de electricidad,HYDR,AUTOPRODUCCION,ENER,Use,B,BEV2_01337,105.2772,105.2772,CERO_DIRECTO,SIN_EMISION_DIRECTA,2022,CAL,0,0,0,,,0,0,0,0,0,CAL,,CERO_DIRECTO,MEM_BEN,METODO_EMISIONES,
EM|2023|BEV2_01363,2023,ENER,COMBUSTION,1.A.1.b,Refinación de petróleo,PETR,TRANSFORMACION_REFINERIA,ENER,Use,E,BEV2_01363,4305.2681,20.5640253749761,LIQUID_FUELS,FOSIL,2022,PRX,72251.0819140552,3.00000158021019,0.600001148608,,,1.48577308185011,0,6.16921086204108E-005,1.23384388449897E-005,1.4907701471854,CAL,,ACTIVIDAD_X_FE,MEM_BEN,UNFCCC_GTM_CRT_2024,
EM|2023|BEV2_01378,2023,ENER,COMBUSTION,1.A.1.a.i,Generación de electricidad,SOLAR,GENERACION_CENTRAL,ENER,Use,B,BEV2_01378,887.187,887.187,CERO_DIRECTO,SIN_EMISION_DIRECTA,2022,CAL,0,0,0,,,0,0,0,0,0,CAL,,CERO_DIRECTO,MEM_BEN,METODO_EMISIONES,
EM|2023|BEV2_01406,2023,ENER,COMBUSTION,1.A.1.a.i,Generación de electricidad,DOIL,GENERACION_CENTRAL,ENER,Use,E,BEV2_01406,98.189,98.189,COMB_DOIL,FOSIL,2022,PRX,74100,3,0.6,,,7.2758049,0,0.000294567,5.89134E-005,7.299664827,CAL,,ACTIVIDAD_X_FE,MEM_BEN,MARN_GTM_BTR1_2024,"Origen de factores: CO2: MARN_GTM_BTR1_2024 [PRX; BTR1 Guatemala 2024, tabla 3.6, p. 48; fila Gas/Diésel oíl; gas CO2]; CH4: MARN_GTM_BTR1_2024 [PRX; BTR1 Guatemala 2024, tabla 3.17, p. 57; fila Diésel; gas CH4]; N2O: MARN_GTM_BTR1_2024 [PRX; BTR1 Guatemala 2024, tabla 3.17, p. 57; fila Diésel; gas N2O]."
EM|2023|BEV2_01420,2023,ENER,COMBUSTION,1.A.1.a.i,Generación de electricidad,ELEC,GENERACION_CENTRAL,ENER,Supply,C,BEV2_01420,45301.8482,45301.8482,CERO_DIRECTO,SIN_EMISION_DIRECTA,2022,CAL,0,0,0,,,0,0,0,0,0,CAL,,CERO_DIRECTO,MEM_BEN,METODO_EMISIONES,
EM|2023|BEV2_01421,2023,ENER,COMBUSTION,1.A.1.a.i,Generación de electricidad,ELEC,AUTOPRODUCCION,ENER,Supply,C,BEV2_01421,3732.8669,3732.8669,CERO_DIRECTO,SIN_EMISION_DIRECTA,2022,CAL,0,0,0,,,0,0,0,0,0,CAL,,CERO_DIRECTO,MEM_BEN,METODO_EMISIONES,
EM|2023|BEV2_01422,2023,ENER,COMBUSTION,1.A.1.c,Fabricación de combustibles sólidos y otras industrias de la energía,ELEC,USO_ENER,ENER,Use,E,BEV2_01422,1834.5075,1834.5075,CERO_DIRECTO,SIN_EMISION_DIRECTA,2022,CAL,0,0,0,,,0,0,0,0,0,CAL,,CERO_DIRECTO,MEM_BEN,METODO_EMISIONES,
EM|2023|BEV2_01434,2023,ENER,COMBUSTION,1.A.1.a.i,Generación de electricidad,FOIL,GENERACION_CENTRAL,ENER,Use,E,BEV2_01434,4479.8586,4479.8586,COMB_FOIL,FOSIL,2022,PRX,77400,3,0.6,,,346.74105564,0,0.0134395758,0.00268791516,347.8296612798,CAL,,ACTIVIDAD_X_FE,MEM_BEN,MARN_GTM_BTR1_2024,"Origen de factores: CO2: MARN_GTM_BTR1_2024 [PRX; BTR1 Guatemala 2024, tabla 3.6, p. 48; fila Fuelóleo residual; gas CO2]; CH4: MARN_GTM_BTR1_2024 [PRX; BTR1 Guatemala 2024, tabla 3.17, p. 57; fila Fuelóleo residual; gas CH4]; N2O: MARN_GTM_BTR1_2024 [PRX; BTR1 Guatemala 2024, tabla 3.17, p. 57; fila Fuelóleo residual; gas N2O]."
EM|2023|BEV2_01435,2023,ENER,COMBUSTION,1.A.1.a.i,Generación de electricidad,FOIL,AUTOPRODUCCION,ENER,Use,E,BEV2_01435,67.4541,67.4541,COMB_FOIL,FOSIL,2022,PRX,77400,3,0.6,,,5.22094734,0,0.0002023623,4.047246E-005,5.2373386863,CAL,,ACTIVIDAD_X_FE,MEM_BEN,MARN_GTM_BTR1_2024,"Origen de factores: CO2: MARN_GTM_BTR1_2024 [PRX; BTR1 Guatemala 2024, tabla 3.6, p. 48; fila Fuelóleo residual; gas CO2]; CH4: MARN_GTM_BTR1_2024 [PRX; BTR1 Guatemala 2024, tabla 3.17, p. 57; fila Fuelóleo residual; gas CH4]; N2O: MARN_GTM_BTR1_2024 [PRX; BTR1 Guatemala 2024, tabla 3.17, p. 57; fila Fuelóleo residual; gas N2O]."
EM|2023|BEV2_01354,2023,HH,COMBUSTION,1.A.4.b,Residencial,LENA,USO_HH,HH,Use,F,BEV2_01354,322600.8891,322600.8891,BIOMASS,BIOGENICO,2022,PRX,112000.000077955,300,3.99999999350378,,,0,36131.2996043482,96.78026673,1.29040355430431,3051.80441033064,CAL,,ACTIVIDAD_X_FE,MEM_BEN,UNFCCC_GTM_CRT_2024,
EM|2023|BEV2_01424,2023,HH,COMBUSTION,1.A.4.b,Residencial,ELEC,USO_HH,HH,Use,F,BEV2_01424,15575.2156,15575.2156,CERO_DIRECTO,SIN_EMISION_DIRECTA,2022,CAL,0,0,0,,,0,0,0,0,0,CAL,,CERO_DIRECTO,MEM_BEN,METODO_EMISIONES,
EM|2023|BEV2_01466,2023,HH,COMBUSTION,1.A.4.b,Residencial,GLP,USO_HH,HH,Use,F,BEV2_01466,19241.7323,19241.7323,COMB_GLP,FOSIL,2022,PRX,63100,5,0.1,,,1214.15330813,0,0.0962086615,0.00192417323,1217.35705655795,CAL,,ACTIVIDAD_X_FE,MEM_BEN,MARN_GTM_BTR1_2024,"Origen de factores: CO2: MARN_GTM_BTR1_2024 [PRX; BTR1 Guatemala 2024, tabla 3.6, p. 48; fila Gases licuados de petróleo; gas CO2]; CH4: MARN_GTM_BTR1_2024 [PRX; BTR1 Guatemala 2024, tabla 3.33, p. 70; fila Gases licuados de petróleo; gas CH4]; N2O: MARN_GTM_BTR1_2024 [PRX; BTR1 Guatemala 2024, tabla 3.33, p. 70; fila Gases licuados de petróleo; gas N2O]."
EM|2023|BEV2_01398,2023,IND_BEN,COMBUSTION,1.A.2,Industrias manufactureras y construcción,COQUE,USO_IND_BEN,IND_BEN,Use,E,BEV2_01398,25038.7179,25038.7179,COMB_COQUE,FOSIL,2022,PRX,97500,3,0.6,,,2441.27499525,0,0.0751161537,0.01502323074,2447.3594036997,CAL,,ACTIVIDAD_X_FE,MEM_BEN,MARN_GTM_BTR1_2024,"Origen de factores: CO2: MARN_GTM_BTR1_2024 [PRX; BTR1 Guatemala 2024, tabla 3.6, p. 48; fila Coque de petróleo; gas CO2]; CH4: MARN_GTM_BTR1_2024 [PRX; BTR1 Guatemala 2024, tabla 3.22, p. 62; fila Coque de petróleo; gas CH4]; N2O: MARN_GTM_BTR1_2024 [PRX; BTR1 Guatemala 2024, tabla 3.22, p. 62; fila Coque de petróleo; gas N2O]."
EM|2023|BEV2_01412,2023,IND_BEN,COMBUSTION,1.A.2,Industrias manufactureras y construcción,DOIL,USO_IND_BEN,IND_BEN,Use,E,BEV2_01412,6887.755,6887.755,COMB_DOIL,FOSIL,2022,PRX,74100,3,0.6,,,510.3826455,0,0.020663265,0.004132653,512.056369965,CAL,,ACTIVIDAD_X_FE,MEM_BEN,MARN_GTM_BTR1_2024,"Origen de factores: CO2: MARN_GTM_BTR1_2024 [PRX; BTR1 Guatemala 2024, tabla 3.6, p. 48; fila Gas/Diésel oíl; gas CO2]; CH4: MARN_GTM_BTR1_2024 [PRX; BTR1 Guatemala 2024, tabla 3.22, p. 62; fila Diésel; gas CH4]; N2O: MARN_GTM_BTR1_2024 [PRX; BTR1 Guatemala 2024, tabla 3.22, p. 62; fila Diésel; gas N2O]."
EM|2023|BEV2_01426,2023,IND_BEN,COMBUSTION,1.A.2,Industrias manufactureras y construcción,ELEC,USO_IND_BEN,IND_BEN,Use,E,BEV2_01426,16973.6245,16973.6245,CERO_DIRECTO,SIN_EMISION_DIRECTA,2022,CAL,0,0,0,,,0,0,0,0,0,CAL,,CERO_DIRECTO,MEM_BEN,METODO_EMISIONES,
EM|2023|BEV2_01440,2023,IND_BEN,COMBUSTION,1.A.2,Industrias manufactureras y construcción,FOIL,USO_IND_BEN,IND_BEN,Use,E,BEV2_01440,8162.8757,8162.8757,COMB_FOIL,FOSIL,2022,PRX,77400,3,0.6,,,631.80657918,0,0.0244886271,0.00489772542,633.7901579751,CAL,,ACTIVIDAD_X_FE,MEM_BEN,MARN_GTM_BTR1_2024,"Origen de factores: CO2: MARN_GTM_BTR1_2024 [PRX; BTR1 Guatemala 2024, tabla 3.6, p. 48; fila Fuelóleo residual; gas CO2]; CH4: MARN_GTM_BTR1_2024 [PRX; BTR1 Guatemala 2024, tabla 3.22, p. 62; fila Fuelóleo residual; gas CH4]; N2O: MARN_GTM_BTR1_2024 [PRX; BTR1 Guatemala 2024, tabla 3.22, p. 62; fila Fuelóleo residual; gas N2O]."
EM|2023|BEV2_01454,2023,IND_BEN,COMBUSTION,1.A.2,Industrias manufactureras y construcción,GAS,USO_IND_BEN,IND_BEN,Use,E,BEV2_01454,1774.6645,1774.6645,COMB_GAS,FOSIL,2022,PRX,69300,3,0.6,,,122.98424985,0,0.0053239935,0.0010647987,123.4154933235,CAL,,ACTIVIDAD_X_FE,MEM_BEN,MARN_GTM_BTR1_2024,"Origen de factores: CO2: MARN_GTM_BTR1_2024 [PRX; BTR1 Guatemala 2024, tabla 3.6, p. 48; fila Gasolina para motores; gas CO2]; CH4: MARN_GTM_BTR1_2024 [PRX; BTR1 Guatemala 2024, tabla 3.22, p. 62; fila Gasolina para motores; gas CH4]; N2O: MARN_GTM_BTR1_2024 [PRX; BTR1 Guatemala 2024, tabla 3.22, p. 62; fila Gasolina para motores; gas N2O]."
EM|2023|BEV2_01468,2023,IND_BEN,COMBUSTION,1.A.2,Industrias manufactureras y construcción,GLP,USO_IND_BEN,IND_BEN,Use,E,BEV2_01468,4997.8782,4997.8782,COMB_GLP,FOSIL,2022,PRX,63100,1,0.1,,,315.36611442,0,0.0049978782,0.00049978782,315.6384987819,CAL,,ACTIVIDAD_X_FE,MEM_BEN,MARN_GTM_BTR1_2024,"Origen de factores: CO2: MARN_GTM_BTR1_2024 [PRX; BTR1 Guatemala 2024, tabla 3.6, p. 48; fila Gases licuados de petróleo; gas CO2]; CH4: MARN_GTM_BTR1_2024 [PRX; BTR1 Guatemala 2024, tabla 3.22, p. 62; fila Gases licuados de petróleo; gas CH4]; N2O: MARN_GTM_BTR1_2024 [PRX; BTR1 Guatemala 2024, tabla 3.22, p. 62; fila Gases licuados de petróleo; gas N2O]."
EM|2023|BEV2_01355,2023,SERV,COMBUSTION,1.A.4.a,Comercial e institucional,LENA,USO_SERV,SERV,Use,E,BEV2_01355,9977.3387,9977.3387,BIOMASS,BIOGENICO,2022,PRX,111999.999773152,299.999999579911,3.99999950429495,,,0,1117.46193213666,2.99320160580863,0.0399093498541828,94.3856226740001,CAL,,ACTIVIDAD_X_FE,MEM_BEN,UNFCCC_GTM_CRT_2024,
EM|2023|BEV2_01425,2023,SERV,COMBUSTION,1.A.4.a,Comercial e institucional,ELEC,USO_SERV,SERV,Use,E,BEV2_01425,11459.0049,11459.0049,CERO_DIRECTO,SIN_EMISION_DIRECTA,2022,CAL,0,0,0,,,0,0,0,0,0,CAL,,CERO_DIRECTO,MEM_BEN,METODO_EMISIONES,
EM|2023|BEV2_01453,2023,SERV,COMBUSTION,1.A.4.a,Comercial e institucional,GAS,USO_SERV,SERV,Use,E,BEV2_01453,443.6516,443.6516,COMB_GAS,FOSIL,2022,PRX,69300,10,0.6,,,30.74505588,0,0.004436516,0.00026619096,30.9398189324,CAL,,ACTIVIDAD_X_FE,MEM_BEN,MARN_GTM_BTR1_2024,"Origen de factores: CO2: MARN_GTM_BTR1_2024 [PRX; BTR1 Guatemala 2024, tabla 3.6, p. 48; fila Gasolina para motores; gas CO2]; CH4: MARN_GTM_BTR1_2024 [PRX; BTR1 Guatemala 2024, tabla 3.33, p. 70; fila Gasolina para motores; gas CH4]; N2O: MARN_GTM_BTR1_2024 [PRX; BTR1 Guatemala 2024, tabla 3.33, p. 70; fila Gasolina para motores; gas N2O]."
EM|2023|BEV2_01467,2023,SERV,COMBUSTION,1.A.4.a,Comercial e institucional,GLP,USO_SERV,SERV,Use,E,BEV2_01467,499.7762,499.7762,COMB_GLP,FOSIL,2022,PRX,63100,5,0.1,,,31.53587822,0,0.002498881,4.997762E-005,31.6190909573,CAL,,ACTIVIDAD_X_FE,MEM_BEN,MARN_GTM_BTR1_2024,"Origen de factores: CO2: MARN_GTM_BTR1_2024 [PRX; BTR1 Guatemala 2024, tabla 3.6, p. 48; fila Gases licuados de petróleo; gas CO2]; CH4: MARN_GTM_BTR1_2024 [PRX; BTR1 Guatemala 2024, tabla 3.33, p. 70; fila Gases licuados de petróleo; gas CH4]; N2O: MARN_GTM_BTR1_2024 [PRX; BTR1 Guatemala 2024, tabla 3.33, p. 70; fila Gases licuados de petróleo; gas N2O]."
EM|2023|BEV2_01409,2023,TR_BEN,COMBUSTION,1.A.3,Transporte,DOIL,USO_TR_BEN,TR_BEN,Use,E,BEV2_01409,79208.892,79208.892,COMB_DOIL,FOSIL,2022,PRX,74100.000087609,3.8999999552578,3.8999999552578,,,5869.37890413941,0,0.30891467525602,0.30891467525602,5959.89090398942,CAL,,ACTIVIDAD_X_FE,MEM_BEN,UNFCCC_GTM_CRT_2024,Origen de factores: CO2: UNFCCC_GTM_CRT_2024 [OBS; GTM-CRT-2024-V0.3-2022-20250304-084824_started.xlsx; Table1.A(a)s3; AD=C22; EM=H22; IEF=E22]; CH4: UNFCCC_GTM_CRT_2024 [OBS; GTM-CRT-2024-V0.3-2022-20250304-084824_started.xlsx; Table1.A(a)s3; AD=C22; EM=I22; IEF=F22]; N2O: UNFCCC_GTM_CRT_2024 [OBS; GTM-CRT-2024-V0.3-2022-20250304-084824_started.xlsx; Table1.A(a)s3; AD=C22; EM=J22; IEF=G22].
EM|2023|BEV2_01423,2023,TR_BEN,COMBUSTION,1.A.3,Transporte,ELEC,USO_TR_BEN,TR_BEN,Use,E,BEV2_01423,11.5619,11.5619,CERO_DIRECTO,SIN_EMISION_DIRECTA,2022,CAL,0,0,0,,,0,0,0,0,0,CAL,,CERO_DIRECTO,MEM_BEN,METODO_EMISIONES,
EM|2023|BEV2_01451,2023,TR_BEN,COMBUSTION,1.A.3,Transporte,GAS,USO_TR_BEN,TR_BEN,Use,E,BEV2_01451,86608.1594,86608.1594,COMB_GAS,FOSIL,2022,PRX,69300.6912813097,32.9679032524748,3.19881485400936,,,6002.00531702186,0,2.85528941997411,0.27704346676713,6155.36993947443,CAL,,ACTIVIDAD_X_FE,MEM_BEN,UNFCCC_GTM_CRT_2024,Origen de factores: CO2: UNFCCC_GTM_CRT_2024 [PRX; GTM-CRT-2024-V0.3-2022-20250304-084824_started.xlsx; Table1.A(a)s3; AD=C17+C21; EM=H17+H21; IEF=E17+E21]; CH4: UNFCCC_GTM_CRT_2024 [PRX; GTM-CRT-2024-V0.3-2022-20250304-084824_started.xlsx; Table1.A(a)s3; AD=C17+C21; EM=I17+I21; IEF=F17+F21]; N2O: UNFCCC_GTM_CRT_2024 [PRX; GTM-CRT-2024-V0.3-2022-20250304-084824_started.xlsx; Table1.A(a)s3; AD=C17+C21; EM=J17+J21; IEF=G17+G21].
EM|2023|BEV2_01465,2023,TR_BEN,COMBUSTION,1.A.3,Transporte,GLP,USO_TR_BEN,TR_BEN,Use,E,BEV2_01465,249.8881,249.8881,COMB_GLP,FOSIL,2022,PRX,63100.0002354194,61.9999810820671,0.200001027744971,,,15.7679391688285,0,0.0154930574726337,4.99778768212381E-005,16.2149889154199,CAL,,ACTIVIDAD_X_FE,MEM_BEN,UNFCCC_GTM_CRT_2024,Origen de factores: CO2: UNFCCC_GTM_CRT_2024 [OBS; GTM-CRT-2024-V0.3-2022-20250304-084824_started.xlsx; Table1.A(a)s3; AD=C23; EM=H23; IEF=E23]; CH4: UNFCCC_GTM_CRT_2024 [OBS; GTM-CRT-2024-V0.3-2022-20250304-084824_started.xlsx; Table1.A(a)s3; AD=C23; EM=I23; IEF=F23]; N2O: UNFCCC_GTM_CRT_2024 [OBS; GTM-CRT-2024-V0.3-2022-20250304-084824_started.xlsx; Table1.A(a)s3; AD=C23; EM=J23; IEF=G23].
EM|2023|BEV2_01479,2023,TR_BEN,COMBUSTION,1.A.3,Transporte,KER,USO_TR_BEN,TR_BEN,Use,E,BEV2_01479,5262.7561,5262.7561,COMB_KER,FOSIL,2022,PRX,71500,0.5,2,,,376.28706115,0,0.00263137805,0.0105255122,379.1500004684,CAL,,ACTIVIDAD_X_FE,MEM_BEN,IPCC_2006_GL,"Origen de factores: CO2: IPCC_2006_GL [PRX; Volumen 2, capítulo 3, tabla 3.6.4, p. 3.64; fila Jet Kerosene; gas CO2]; CH4: IPCC_2006_GL [PRX; Volumen 2, capítulo 3, tabla 3.6.5, p. 3.64; fila All fuels; gas CH4]; N2O: IPCC_2006_GL [PRX; Volumen 2, capítulo 3, tabla 3.6.5, p. 3.64; fila All fuels; gas N2O]."
EM|2023|AGR|3.A|CH4,2023,A,AGRICULTURA,3.A,Fermentación entérica,,PROXY_VAB_DESDE_2022,A,,,AGR|2023|3.A|CH4,,,AGRICULTURA_CRT,NO_APLICA,2022,PRX,,,,CH4,176.352160063432,0,0,176.352160063432,0,4937.86048177609,PRX,,EMISION_2022_X_RATIO_VAB,BANGUAT_SCN_2013,UNFCCC_GTM_CRT_2024,
EM|2023|AGR|3.B|CH4,2023,A,AGRICULTURA,3.B,Gestión del estiércol,,PROXY_VAB_DESDE_2022,A,,,AGR|2023|3.B|CH4,,,AGRICULTURA_CRT,NO_APLICA,2022,PRX,,,,CH4,6.2546020755056,0,0,6.2546020755056,0,175.128858114157,PRX,,EMISION_2022_X_RATIO_VAB,BANGUAT_SCN_2013,UNFCCC_GTM_CRT_2024,
EM|2023|AGR|3.B|N2O,2023,A,AGRICULTURA,3.B,Gestión del estiércol,,PROXY_VAB_DESDE_2022,A,,,AGR|2023|3.B|N2O,,,AGRICULTURA_CRT,NO_APLICA,2022,PRX,,,,N2O,0.919475634584942,0,0,0,0.919475634584942,243.66104316501,PRX,,EMISION_2022_X_RATIO_VAB,BANGUAT_SCN_2013,UNFCCC_GTM_CRT_2024,
EM|2023|AGR|3.C|CH4,2023,A,AGRICULTURA,3.C,Cultivo de arroz,,PROXY_VAB_DESDE_2022,A,,,AGR|2023|3.C|CH4,,,AGRICULTURA_CRT,NO_APLICA,2022,PRX,,,,CH4,0.848458309506044,0,0,0.848458309506044,0,23.7568326661692,PRX,,EMISION_2022_X_RATIO_VAB,BANGUAT_SCN_2013,UNFCCC_GTM_CRT_2024,
EM|2023|AGR|3.D|N2O,2023,A,AGRICULTURA,3.D,Suelos agrícolas,,PROXY_VAB_DESDE_2022,A,,,AGR|2023|3.D|N2O,,,AGRICULTURA_CRT,NO_APLICA,2022,PRX,,,,N2O,3.27268600462878,0,0,0,3.27268600462878,867.261791226627,PRX,,EMISION_2022_X_RATIO_VAB,BANGUAT_SCN_2013,UNFCCC_GTM_CRT_2024,
EM|2023|AGR|3.E|CH4,2023,A,AGRICULTURA,3.E,Quema prescrita de sabanas,,PROXY_VAB_DESDE_2022,A,,,AGR|2023|3.E|CH4,,,AGRICULTURA_CRT,NO_APLICA,2022,PRX,,,,CH4,4.44603238561801,0,0,4.44603238561801,0,124.488906797304,PRX,,EMISION_2022_X_RATIO_VAB,BANGUAT_SCN_2013,UNFCCC_GTM_CRT_2024,
EM|2023|AGR|3.E|N2O,2023,A,AGRICULTURA,3.E,Quema prescrita de sabanas,,PROXY_VAB_DESDE_2022,A,,,AGR|2023|3.E|N2O,,,AGRICULTURA_CRT,NO_APLICA,2022,PRX,,,,N2O,0.405942087382514,0,0,0,0.405942087382514,107.574653156366,PRX,,EMISION_2022_X_RATIO_VAB,BANGUAT_SCN_2013,UNFCCC_GTM_CRT_2024,
EM|2023|AGR|3.F|CH4,2023,A,AGRICULTURA,3.F,Quema de residuos agrícolas en el campo,,PROXY_VAB_DESDE_2022,A,,,AGR|2023|3.F|CH4,,,AGRICULTURA_CRT,NO_APLICA,2022,PRX,,,,CH4,4.50467047050024,0,0,4.50467047050024,0,126.130773174007,PRX,,EMISION_2022_X_RATIO_VAB,BANGUAT_SCN_2013,UNFCCC_GTM_CRT_2024,
EM|2023|AGR|3.F|N2O,2023,A,AGRICULTURA,3.F,Quema de residuos agrícolas en el campo,,PROXY_VAB_DESDE_2022,A,,,AGR|2023|3.F|N2O,,,AGRICULTURA_CRT,NO_APLICA,2022,PRX,,,,N2O,0.116787752938896,0,0,0,0.116787752938896,30.9487545288075,PRX,,EMISION_2022_X_RATIO_VAB,BANGUAT_SCN_2013,UNFCCC_GTM_CRT_2024,
EM|2023|AGR|3.G|NO,2023,A,AGRICULTURA,3.G,Encalado,,SIN_CALCULO_NO,A,,,AGR|2023|3.G|NO,,,NO,NO_APLICA,2022,NO,,,,NO,,,,,,,NO,NO,SIN_CALCULO_NO,BANGUAT_SCN_2013,,
EM|2023|AGR|3.H|CO2,2023,A,AGRICULTURA,3.H,Aplicación de urea,,PROXY_VAB_DESDE_2022,A,,,AGR|2023|3.H|CO2,,,AGRICULTURA_CRT,FOSIL,2022,PRX,,,,CO2,32.8360381752574,32.8360381752574,0,0,0,32.8360381752574,PRX,,EMISION_2022_X_RATIO_VAB,BANGUAT_SCN_2013,UNFCCC_GTM_CRT_2024,
EM|2023|AGR|3.I|NO,2023,A,AGRICULTURA,3.I,Otros fertilizantes que contienen carbono,,SIN_CALCULO_NO,A,,,AGR|2023|3.I|NO,,,NO,NO_APLICA,2022,NO,,,,NO,,,,,,,NO,NO,SIN_CALCULO_NO,BANGUAT_SCN_2013,,
EM|2023|AGR|3.J|NO,2023,A,AGRICULTURA,3.J,Otros,,SIN_CALCULO_NO,A,,,AGR|2023|3.J|NO,,,NO,NO_APLICA,2022,NO,,,,NO,,,,,,,NO,NO,SIN_CALCULO_NO,BANGUAT_SCN_2013,,
EM|2024|BEV2_01611,2024,A,COMBUSTION,1.A.4.c,"Agricultura, silvicultura y pesca",LENA,FRONTERA_LENA_A,A,Supply,C,BEV2_01611,342603.9638,342603.9638,NO,BIOGENICO,2022,NO,,,,,,,,,,,NO,,SIN_CALCULO_NO,MEM_BEN,UNFCCC_GTM_CRT_2024,
EM|2024|BEV2_01541,2024,B,FUGITIVAS,1.B.1.a,Minería de carbón,CRBN,EXTRACCION_B,ENV,Supply,A,BEV2_01541,0,0,NO,FOSIL,2022,NO,,,,,,,,,,,NO,,SIN_CALCULO_NO,MEM_BEN,UNFCCC_GTM_CRT_2024,
EM|2024|BEV2_01583,2024,B,FUGITIVAS,1.B.2.b.ii,Producción y mejoramiento de gas natural,GN,EXTRACCION_B,ENV,Supply,A,BEV2_01583,736.0108,736.0108,NO,FOSIL,2022,NO,,,,,,,,,,,NO,,SIN_CALCULO_NO,MEM_BEN,UNFCCC_GTM_CRT_2024,
EM|2024|BEV2_01625,2024,B,FUGITIVAS,1.B.2.a.ii,Producción y mejoramiento de petróleo,PETR,EXTRACCION_B,ENV,Supply,A,BEV2_01625,10735.3113,10735.3113,FUGITIVA_PETROLEO,FOSIL,2022,PRX,0.00676909343060816,0.0928778003966022,,,,7.26683251963636E-005,0,0.000997072100116788,,0.0279906871284664,CAL,,ACTIVIDAD_X_FE,MEM_BEN,UNFCCC_GTM_CRT_2024,CO2e parcial: N2O sin factor numérico; el total incluye solo los gases cuantificados.
EM|2024|BEV2_01518,2024,ENER,COMBUSTION,1.A.1.a.i,Generación de electricidad,BCANA,GENERACION_CENTRAL,ENER,Use,E,BEV2_01518,49781.0096,49781.0096,COMB_BCANA,BIOGENICO,2022,PRX,100000,30,4,,,0,4978.10096,1.493430288,0.1991240384,94.58391824,CAL,,ACTIVIDAD_X_FE,MEM_BEN,MARN_GTM_BTR1_2024,"Origen de factores: CO2: MARN_GTM_BTR1_2024 [PRX; BTR1 Guatemala 2024, tabla 3.6, p. 48; fila Otra biomasa sólida primaria; gas CO2]; CH4: MARN_GTM_BTR1_2024 [PRX; BTR1 Guatemala 2024, tabla 3.17, p. 57; fila Otra biomasa sólida primaria; gas CH4]; N2O: MARN_GTM_BTR1_2024 [PRX; BTR1 Guatemala 2024, tabla 3.17, p. 57; fila Otra biomasa sólida primaria; gas N2O]."
EM|2024|BEV2_01519,2024,ENER,COMBUSTION,1.A.1.a.i,Generación de electricidad,BCANA,AUTOPRODUCCION,ENER,Use,E,BEV2_01519,27357.7794,27357.7794,COMB_BCANA,BIOGENICO,2022,PRX,100000,30,4,,,0,2735.77794,0.820733382,0.1094311176,51.97978086,CAL,,ACTIVIDAD_X_FE,MEM_BEN,MARN_GTM_BTR1_2024,"Origen de factores: CO2: MARN_GTM_BTR1_2024 [PRX; BTR1 Guatemala 2024, tabla 3.6, p. 48; fila Otra biomasa sólida primaria; gas CO2]; CH4: MARN_GTM_BTR1_2024 [PRX; BTR1 Guatemala 2024, tabla 3.17, p. 57; fila Otra biomasa sólida primaria; gas CH4]; N2O: MARN_GTM_BTR1_2024 [PRX; BTR1 Guatemala 2024, tabla 3.17, p. 57; fila Otra biomasa sólida primaria; gas N2O]."
EM|2024|BEV2_01532,2024,ENER,COMBUSTION,1.A.1.a.i,Generación de electricidad,BIOGAS,GENERACION_CENTRAL,ENER,Use,E,BEV2_01532,355.9206,355.9206,COMB_BIOGAS,BIOGENICO,2022,PRX,54600,1,0.1,,,0,19.43326476,0.0003559206,3.559206E-005,0.0193976727,CAL,,ACTIVIDAD_X_FE,MEM_BEN,MARN_GTM_BTR1_2024,"Origen de factores: CO2: MARN_GTM_BTR1_2024 [PRX; BTR1 Guatemala 2024, tabla 3.6, p. 48; fila Gas de vertedero; gas CO2]; CH4: MARN_GTM_BTR1_2024 [PRX; BTR1 Guatemala 2024, tabla 3.17, p. 57; fila Gas de vertedero; gas CH4]; N2O: MARN_GTM_BTR1_2024 [PRX; BTR1 Guatemala 2024, tabla 3.17, p. 57; fila Gas de vertedero; gas N2O]."
EM|2024|BEV2_01546,2024,ENER,COMBUSTION,1.A.1.a.i,Generación de electricidad,CRBN,GENERACION_CENTRAL,ENER,Use,E,BEV2_01546,34437.3225,34437.3225,COMB_CRBN,FOSIL,2022,PRX,98300,1,1.5,,,3385.18880175,0,0.0344373225,0.05165598375,3399.84188247375,CAL,,ACTIVIDAD_X_FE,MEM_BEN,MARN_GTM_BTR1_2024,"Origen de factores: CO2: MARN_GTM_BTR1_2024 [PRX; BTR1 Guatemala 2024, tabla 3.6, p. 48; fila Otro carbón bituminoso*; gas CO2]; CH4: MARN_GTM_BTR1_2024 [PRX; BTR1 Guatemala 2024, tabla 3.17, p. 57; fila Otro carbón bituminoso; gas CH4]; N2O: MARN_GTM_BTR1_2024 [PRX; BTR1 Guatemala 2024, tabla 3.17, p. 57; fila Otro carbón bituminoso; gas N2O]."
EM|2024|BEV2_01547,2024,ENER,COMBUSTION,1.A.1.a.i,Generación de electricidad,CRBN,AUTOPRODUCCION,ENER,Use,E,BEV2_01547,1688.9089,1688.9089,COMB_CRBN,FOSIL,2022,PRX,98300,1,1.5,,,166.01974487,0,0.0016889089,0.00253336335,166.73837560695,CAL,,ACTIVIDAD_X_FE,MEM_BEN,MARN_GTM_BTR1_2024,"Origen de factores: CO2: MARN_GTM_BTR1_2024 [PRX; BTR1 Guatemala 2024, tabla 3.6, p. 48; fila Otro carbón bituminoso*; gas CO2]; CH4: MARN_GTM_BTR1_2024 [PRX; BTR1 Guatemala 2024, tabla 3.17, p. 57; fila Otro carbón bituminoso; gas CH4]; N2O: MARN_GTM_BTR1_2024 [PRX; BTR1 Guatemala 2024, tabla 3.17, p. 57; fila Otro carbón bituminoso; gas N2O]."
EM|2024|BEV2_01560,2024,ENER,COMBUSTION,1.A.1.a.i,Generación de electricidad,EOLICA,GENERACION_CENTRAL,ENER,Use,B,BEV2_01560,1044.9866,1044.9866,CERO_DIRECTO,SIN_EMISION_DIRECTA,2022,CAL,0,0,0,,,0,0,0,0,0,CAL,,CERO_DIRECTO,MEM_BEN,METODO_EMISIONES,
EM|2024|BEV2_01574,2024,ENER,COMBUSTION,1.A.1.a.i,Generación de electricidad,GEOE,GENERACION_CENTRAL,ENER,Use,B,BEV2_01574,11449.0698,11449.0698,CERO_DIRECTO,SIN_EMISION_DIRECTA,2022,CAL,0,0,0,,,0,0,0,0,0,CAL,,CERO_DIRECTO,MEM_BEN,METODO_EMISIONES,
EM|2024|BEV2_01588,2024,ENER,COMBUSTION,1.A.1.a.i,Generación de electricidad,GN,GENERACION_CENTRAL,ENER,Use,E,BEV2_01588,736.0108,736.0108,GASEOUS_FUELS,FOSIL,2022,PRX,56100.0000037876,1.00000061189815,0.100000061189815,,,41.2902058827877,0,0.000736011250363648,7.36011250363648E-005,41.3303184959325,CAL,,ACTIVIDAD_X_FE,MEM_BEN,UNFCCC_GTM_CRT_2024,
EM|2024|BEV2_01602,2024,ENER,COMBUSTION,1.A.1.a.i,Generación de electricidad,HYDR,GENERACION_CENTRAL,ENER,Use,B,BEV2_01602,24483.3981,24483.3981,CERO_DIRECTO,SIN_EMISION_DIRECTA,2022,CAL,0,0,0,,,0,0,0,0,0,CAL,,CERO_DIRECTO,MEM_BEN,METODO_EMISIONES,
EM|2024|BEV2_01603,2024,ENER,COMBUSTION,1.A.1.a.i,Generación de electricidad,HYDR,AUTOPRODUCCION,ENER,Use,B,BEV2_01603,95.0516,95.0516,CERO_DIRECTO,SIN_EMISION_DIRECTA,2022,CAL,0,0,0,,,0,0,0,0,0,CAL,,CERO_DIRECTO,MEM_BEN,METODO_EMISIONES,
EM|2024|BEV2_01629,2024,ENER,COMBUSTION,1.A.1.b,Refinación de petróleo,PETR,TRANSFORMACION_REFINERIA,ENER,Use,E,BEV2_01629,2930.0992,13.9955591383489,LIQUID_FUELS,FOSIL,2022,PRX,72251.0819140552,3.00000158021019,0.600001148608,,,1.01119428973785,0,4.1986699530972E-005,8.39735155842055E-006,1.0145952154877,CAL,,ACTIVIDAD_X_FE,MEM_BEN,UNFCCC_GTM_CRT_2024,
EM|2024|BEV2_01644,2024,ENER,COMBUSTION,1.A.1.a.i,Generación de electricidad,SOLAR,GENERACION_CENTRAL,ENER,Use,B,BEV2_01644,909.6136,909.6136,CERO_DIRECTO,SIN_EMISION_DIRECTA,2022,CAL,0,0,0,,,0,0,0,0,0,CAL,,CERO_DIRECTO,MEM_BEN,METODO_EMISIONES,
EM|2024|BEV2_01658,2024,ENER,COMBUSTION,1.A.1.a.i,Generación de electricidad,COQUE,GENERACION_CENTRAL,ENER,Use,E,BEV2_01658,54.0911,54.0911,COMB_COQUE,FOSIL,2022,PRX,97500,3,0.6,,,5.27388225,0,0.0001622733,3.245466E-005,5.2870263873,CAL,,ACTIVIDAD_X_FE,MEM_BEN,IPCC_2006_GL | MARN_GTM_BTR1_2024,"Origen de factores: CO2: MARN_GTM_BTR1_2024 [PRX; BTR1 Guatemala 2024, tabla 3.6, p. 48; fila Coque de petróleo; gas CO2]; CH4: IPCC_2006_GL [PRX; Volumen 2, capítulo 2, tabla 2.2, p. 2.16; fila Petroleum Coke; gas CH4]; N2O: IPCC_2006_GL [PRX; Volumen 2, capítulo 2, tabla 2.2, p. 2.16; fila Petroleum Coke; gas N2O]."
EM|2024|BEV2_01672,2024,ENER,COMBUSTION,1.A.1.a.i,Generación de electricidad,DOIL,GENERACION_CENTRAL,ENER,Use,E,BEV2_01672,434.7042,434.7042,COMB_DOIL,FOSIL,2022,PRX,74100,3,0.6,,,32.21158122,0,0.0013041126,0.00026082252,32.3172143406,CAL,,ACTIVIDAD_X_FE,MEM_BEN,MARN_GTM_BTR1_2024,"Origen de factores: CO2: MARN_GTM_BTR1_2024 [PRX; BTR1 Guatemala 2024, tabla 3.6, p. 48; fila Gas/Diésel oíl; gas CO2]; CH4: MARN_GTM_BTR1_2024 [PRX; BTR1 Guatemala 2024, tabla 3.17, p. 57; fila Diésel; gas CH4]; N2O: MARN_GTM_BTR1_2024 [PRX; BTR1 Guatemala 2024, tabla 3.17, p. 57; fila Diésel; gas N2O]."
EM|2024|BEV2_01686,2024,ENER,COMBUSTION,1.A.1.a.i,Generación de electricidad,ELEC,GENERACION_CENTRAL,ENER,Supply,C,BEV2_01686,49633.4356,49633.4356,CERO_DIRECTO,SIN_EMISION_DIRECTA,2022,CAL,0,0,0,,,0,0,0,0,0,CAL,,CERO_DIRECTO,MEM_BEN,METODO_EMISIONES,
EM|2024|BEV2_01687,2024,ENER,COMBUSTION,1.A.1.a.i,Generación de electricidad,ELEC,AUTOPRODUCCION,ENER,Supply,C,BEV2_01687,3575.9969,3575.9969,CERO_DIRECTO,SIN_EMISION_DIRECTA,2022,CAL,0,0,0,,,0,0,0,0,0,CAL,,CERO_DIRECTO,MEM_BEN,METODO_EMISIONES,
EM|2024|BEV2_01688,2024,ENER,COMBUSTION,1.A.1.c,Fabricación de combustibles sólidos y otras industrias de la energía,ELEC,USO_ENER,ENER,Use,E,BEV2_01688,2928.5886,2928.5886,CERO_DIRECTO,SIN_EMISION_DIRECTA,2022,CAL,0,0,0,,,0,0,0,0,0,CAL,,CERO_DIRECTO,MEM_BEN,METODO_EMISIONES,
EM|2024|BEV2_01700,2024,ENER,COMBUSTION,1.A.1.a.i,Generación de electricidad,FOIL,GENERACION_CENTRAL,ENER,Use,E,BEV2_01700,7216.3686,7216.3686,COMB_FOIL,FOSIL,2022,PRX,77400,3,0.6,,,558.54692964,0,0.0216491058,0.00432982116,560.3005072098,CAL,,ACTIVIDAD_X_FE,MEM_BEN,MARN_GTM_BTR1_2024,"Origen de factores: CO2: MARN_GTM_BTR1_2024 [PRX; BTR1 Guatemala 2024, tabla 3.6, p. 48; fila Fuelóleo residual; gas CO2]; CH4: MARN_GTM_BTR1_2024 [PRX; BTR1 Guatemala 2024, tabla 3.17, p. 57; fila Fuelóleo residual; gas CH4]; N2O: MARN_GTM_BTR1_2024 [PRX; BTR1 Guatemala 2024, tabla 3.17, p. 57; fila Fuelóleo residual; gas N2O]."
EM|2024|BEV2_01701,2024,ENER,COMBUSTION,1.A.1.a.i,Generación de electricidad,FOIL,AUTOPRODUCCION,ENER,Use,E,BEV2_01701,9.296,9.296,COMB_FOIL,FOSIL,2022,PRX,77400,3,0.6,,,0.7195104,0,2.7888E-005,5.5776E-006,0.721769328,CAL,,ACTIVIDAD_X_FE,MEM_BEN,MARN_GTM_BTR1_2024,"Origen de factores: CO2: MARN_GTM_BTR1_2024 [PRX; BTR1 Guatemala 2024, tabla 3.6, p. 48; fila Fuelóleo residual; gas CO2]; CH4: MARN_GTM_BTR1_2024 [PRX; BTR1 Guatemala 2024, tabla 3.17, p. 57; fila Fuelóleo residual; gas CH4]; N2O: MARN_GTM_BTR1_2024 [PRX; BTR1 Guatemala 2024, tabla 3.17, p. 57; fila Fuelóleo residual; gas N2O]."
EM|2024|BEV2_01620,2024,HH,COMBUSTION,1.A.4.b,Residencial,LENA,USO_HH,HH,Use,F,BEV2_01620,332325.8414,332325.8414,BIOMASS,BIOGENICO,2022,PRX,112000.000077955,300,3.99999999350378,,,0,37220.4942627063,99.69775242,1.32930336344114,3143.8024590719,CAL,,ACTIVIDAD_X_FE,MEM_BEN,UNFCCC_GTM_CRT_2024,
EM|2024|BEV2_01690,2024,HH,COMBUSTION,1.A.4.b,Residencial,ELEC,USO_HH,HH,Use,F,BEV2_01690,16781.9526,16781.9526,CERO_DIRECTO,SIN_EMISION_DIRECTA,2022,CAL,0,0,0,,,0,0,0,0,0,CAL,,CERO_DIRECTO,MEM_BEN,METODO_EMISIONES,
EM|2024|BEV2_01732,2024,HH,COMBUSTION,1.A.4.b,Residencial,GLP,USO_HH,HH,Use,F,BEV2_01732,19839.988,19839.988,COMB_GLP,FOSIL,2022,PRX,63100,5,0.1,,,1251.9032428,0,0.09919994,0.0019839988,1255.206600802,CAL,,ACTIVIDAD_X_FE,MEM_BEN,MARN_GTM_BTR1_2024,"Origen de factores: CO2: MARN_GTM_BTR1_2024 [PRX; BTR1 Guatemala 2024, tabla 3.6, p. 48; fila Gases licuados de petróleo; gas CO2]; CH4: MARN_GTM_BTR1_2024 [PRX; BTR1 Guatemala 2024, tabla 3.33, p. 70; fila Gases licuados de petróleo; gas CH4]; N2O: MARN_GTM_BTR1_2024 [PRX; BTR1 Guatemala 2024, tabla 3.33, p. 70; fila Gases licuados de petróleo; gas N2O]."
EM|2024|BEV2_01664,2024,IND_BEN,COMBUSTION,1.A.2,Industrias manufactureras y construcción,COQUE,USO_IND_BEN,IND_BEN,Use,E,BEV2_01664,30038.6296,30038.6296,COMB_COQUE,FOSIL,2022,PRX,97500,3,0.6,,,2928.766386,0,0.0901158888,0.01802317776,2936.0657729928,CAL,,ACTIVIDAD_X_FE,MEM_BEN,MARN_GTM_BTR1_2024,"Origen de factores: CO2: MARN_GTM_BTR1_2024 [PRX; BTR1 Guatemala 2024, tabla 3.6, p. 48; fila Coque de petróleo; gas CO2]; CH4: MARN_GTM_BTR1_2024 [PRX; BTR1 Guatemala 2024, tabla 3.22, p. 62; fila Coque de petróleo; gas CH4]; N2O: MARN_GTM_BTR1_2024 [PRX; BTR1 Guatemala 2024, tabla 3.22, p. 62; fila Coque de petróleo; gas N2O]."
EM|2024|BEV2_01678,2024,IND_BEN,COMBUSTION,1.A.2,Industrias manufactureras y construcción,DOIL,USO_IND_BEN,IND_BEN,Use,E,BEV2_01678,7345.4668,7345.4668,COMB_DOIL,FOSIL,2022,PRX,74100,3,0.6,,,544.29908988,0,0.0220364004,0.00440728008,546.0840383124,CAL,,ACTIVIDAD_X_FE,MEM_BEN,MARN_GTM_BTR1_2024,"Origen de factores: CO2: MARN_GTM_BTR1_2024 [PRX; BTR1 Guatemala 2024, tabla 3.6, p. 48; fila Gas/Diésel oíl; gas CO2]; CH4: MARN_GTM_BTR1_2024 [PRX; BTR1 Guatemala 2024, tabla 3.22, p. 62; fila Diésel; gas CH4]; N2O: MARN_GTM_BTR1_2024 [PRX; BTR1 Guatemala 2024, tabla 3.22, p. 62; fila Diésel; gas N2O]."
EM|2024|BEV2_01692,2024,IND_BEN,COMBUSTION,1.A.2,Industrias manufactureras y construcción,ELEC,USO_IND_BEN,IND_BEN,Use,E,BEV2_01692,17403.2159,17403.2159,CERO_DIRECTO,SIN_EMISION_DIRECTA,2022,CAL,0,0,0,,,0,0,0,0,0,CAL,,CERO_DIRECTO,MEM_BEN,METODO_EMISIONES,
EM|2024|BEV2_01706,2024,IND_BEN,COMBUSTION,1.A.2,Industrias manufactureras y construcción,FOIL,USO_IND_BEN,IND_BEN,Use,E,BEV2_01706,7259.2464,7259.2464,COMB_FOIL,FOSIL,2022,PRX,77400,3,0.6,,,561.86567136,0,0.0217777392,0.00435554784,563.6296682352,CAL,,ACTIVIDAD_X_FE,MEM_BEN,MARN_GTM_BTR1_2024,"Origen de factores: CO2: MARN_GTM_BTR1_2024 [PRX; BTR1 Guatemala 2024, tabla 3.6, p. 48; fila Fuelóleo residual; gas CO2]; CH4: MARN_GTM_BTR1_2024 [PRX; BTR1 Guatemala 2024, tabla 3.22, p. 62; fila Fuelóleo residual; gas CH4]; N2O: MARN_GTM_BTR1_2024 [PRX; BTR1 Guatemala 2024, tabla 3.22, p. 62; fila Fuelóleo residual; gas N2O]."
EM|2024|BEV2_01720,2024,IND_BEN,COMBUSTION,1.A.2,Industrias manufactureras y construcción,GAS,USO_IND_BEN,IND_BEN,Use,E,BEV2_01720,1921.7156,1921.7156,COMB_GAS,FOSIL,2022,PRX,69300,3,0.6,,,133.17489108,0,0.0057651468,0.00115302936,133.6418679708,CAL,,ACTIVIDAD_X_FE,MEM_BEN,MARN_GTM_BTR1_2024,"Origen de factores: CO2: MARN_GTM_BTR1_2024 [PRX; BTR1 Guatemala 2024, tabla 3.6, p. 48; fila Gasolina para motores; gas CO2]; CH4: MARN_GTM_BTR1_2024 [PRX; BTR1 Guatemala 2024, tabla 3.22, p. 62; fila Gasolina para motores; gas CH4]; N2O: MARN_GTM_BTR1_2024 [PRX; BTR1 Guatemala 2024, tabla 3.22, p. 62; fila Gasolina para motores; gas N2O]."
EM|2024|BEV2_01734,2024,IND_BEN,COMBUSTION,1.A.2,Industrias manufactureras y construcción,GLP,USO_IND_BEN,IND_BEN,Use,E,BEV2_01734,5153.2376,5153.2376,COMB_GLP,FOSIL,2022,PRX,63100,1,0.1,,,325.16929256,0,0.0051532376,0.00051532376,325.4501440092,CAL,,ACTIVIDAD_X_FE,MEM_BEN,MARN_GTM_BTR1_2024,"Origen de factores: CO2: MARN_GTM_BTR1_2024 [PRX; BTR1 Guatemala 2024, tabla 3.6, p. 48; fila Gases licuados de petróleo; gas CO2]; CH4: MARN_GTM_BTR1_2024 [PRX; BTR1 Guatemala 2024, tabla 3.22, p. 62; fila Gases licuados de petróleo; gas CH4]; N2O: MARN_GTM_BTR1_2024 [PRX; BTR1 Guatemala 2024, tabla 3.22, p. 62; fila Gases licuados de petróleo; gas N2O]."
EM|2024|BEV2_01621,2024,SERV,COMBUSTION,1.A.4.a,Comercial e institucional,LENA,USO_SERV,SERV,Use,E,BEV2_01621,10278.1224,10278.1224,BIOMASS,BIOGENICO,2022,PRX,111999.999773152,299.999999579911,3.99999950429495,,,0,1151.14970646843,3.08343671568227,0.0411124845050828,97.2310364329506,CAL,,ACTIVIDAD_X_FE,MEM_BEN,UNFCCC_GTM_CRT_2024,
EM|2024|BEV2_01691,2024,SERV,COMBUSTION,1.A.4.a,Comercial e institucional,ELEC,USO_SERV,SERV,Use,E,BEV2_01691,12059.1779,12059.1779,CERO_DIRECTO,SIN_EMISION_DIRECTA,2022,CAL,0,0,0,,,0,0,0,0,0,CAL,,CERO_DIRECTO,MEM_BEN,METODO_EMISIONES,
EM|2024|BEV2_01719,2024,SERV,COMBUSTION,1.A.4.a,Comercial e institucional,GAS,USO_SERV,SERV,Use,E,BEV2_01719,480.4289,480.4289,COMB_GAS,FOSIL,2022,PRX,69300,10,0.6,,,33.29372277,0,0.004804289,0.00028825734,33.5046310571,CAL,,ACTIVIDAD_X_FE,MEM_BEN,MARN_GTM_BTR1_2024,"Origen de factores: CO2: MARN_GTM_BTR1_2024 [PRX; BTR1 Guatemala 2024, tabla 3.6, p. 48; fila Gasolina para motores; gas CO2]; CH4: MARN_GTM_BTR1_2024 [PRX; BTR1 Guatemala 2024, tabla 3.33, p. 70; fila Gasolina para motores; gas CH4]; N2O: MARN_GTM_BTR1_2024 [PRX; BTR1 Guatemala 2024, tabla 3.33, p. 70; fila Gasolina para motores; gas N2O]."
EM|2024|BEV2_01733,2024,SERV,COMBUSTION,1.A.4.a,Comercial e institucional,GLP,USO_SERV,SERV,Use,E,BEV2_01733,515.347,515.347,COMB_GLP,FOSIL,2022,PRX,63100,5,0.1,,,32.5183957,0,0.002576735,5.15347E-005,32.6042009755,CAL,,ACTIVIDAD_X_FE,MEM_BEN,MARN_GTM_BTR1_2024,"Origen de factores: CO2: MARN_GTM_BTR1_2024 [PRX; BTR1 Guatemala 2024, tabla 3.6, p. 48; fila Gases licuados de petróleo; gas CO2]; CH4: MARN_GTM_BTR1_2024 [PRX; BTR1 Guatemala 2024, tabla 3.33, p. 70; fila Gases licuados de petróleo; gas CH4]; N2O: MARN_GTM_BTR1_2024 [PRX; BTR1 Guatemala 2024, tabla 3.33, p. 70; fila Gases licuados de petróleo; gas N2O]."
EM|2024|BEV2_01675,2024,TR_BEN,COMBUSTION,1.A.3,Transporte,DOIL,USO_TR_BEN,TR_BEN,Use,E,BEV2_01675,84472.6358,84472.6358,COMB_DOIL,FOSIL,2022,PRX,74100.000087609,3.8999999552578,3.8999999552578,,,6259.42232018056,0,0.329443275840509,0.329443275840509,6355.94920000183,CAL,,ACTIVIDAD_X_FE,MEM_BEN,UNFCCC_GTM_CRT_2024,Origen de factores: CO2: UNFCCC_GTM_CRT_2024 [OBS; GTM-CRT-2024-V0.3-2022-20250304-084824_started.xlsx; Table1.A(a)s3; AD=C22; EM=H22; IEF=E22]; CH4: UNFCCC_GTM_CRT_2024 [OBS; GTM-CRT-2024-V0.3-2022-20250304-084824_started.xlsx; Table1.A(a)s3; AD=C22; EM=I22; IEF=F22]; N2O: UNFCCC_GTM_CRT_2024 [OBS; GTM-CRT-2024-V0.3-2022-20250304-084824_started.xlsx; Table1.A(a)s3; AD=C22; EM=J22; IEF=G22].
EM|2024|BEV2_01689,2024,TR_BEN,COMBUSTION,1.A.3,Transporte,ELEC,USO_TR_BEN,TR_BEN,Use,E,BEV2_01689,29.2243,29.2243,CERO_DIRECTO,SIN_EMISION_DIRECTA,2022,CAL,0,0,0,,,0,0,0,0,0,CAL,,CERO_DIRECTO,MEM_BEN,METODO_EMISIONES,
EM|2024|BEV2_01717,2024,TR_BEN,COMBUSTION,1.A.3,Transporte,GAS,USO_TR_BEN,TR_BEN,Use,E,BEV2_01717,93990.3454,93990.3454,COMB_GAS,FOSIL,2022,PRX,69300.6912813097,32.9679032524748,3.19881485400936,,,6513.59590998907,0,3.09866461381389,0.30065771299899,6680.03281312059,CAL,,ACTIVIDAD_X_FE,MEM_BEN,UNFCCC_GTM_CRT_2024,Origen de factores: CO2: UNFCCC_GTM_CRT_2024 [PRX; GTM-CRT-2024-V0.3-2022-20250304-084824_started.xlsx; Table1.A(a)s3; AD=C17+C21; EM=H17+H21; IEF=E17+E21]; CH4: UNFCCC_GTM_CRT_2024 [PRX; GTM-CRT-2024-V0.3-2022-20250304-084824_started.xlsx; Table1.A(a)s3; AD=C17+C21; EM=I17+I21; IEF=F17+F21]; N2O: UNFCCC_GTM_CRT_2024 [PRX; GTM-CRT-2024-V0.3-2022-20250304-084824_started.xlsx; Table1.A(a)s3; AD=C17+C21; EM=J17+J21; IEF=G17+G21].
EM|2024|BEV2_01731,2024,TR_BEN,COMBUSTION,1.A.3,Transporte,GLP,USO_TR_BEN,TR_BEN,Use,E,BEV2_01731,257.6735,257.6735,COMB_GLP,FOSIL,2022,PRX,63100.0002354194,61.9999810820671,0.200001027744971,,,16.2591979106613,0,0.01597575212535,5.15349648226438E-005,16.7201757358491,CAL,,ACTIVIDAD_X_FE,MEM_BEN,UNFCCC_GTM_CRT_2024,Origen de factores: CO2: UNFCCC_GTM_CRT_2024 [OBS; GTM-CRT-2024-V0.3-2022-20250304-084824_started.xlsx; Table1.A(a)s3; AD=C23; EM=H23; IEF=E23]; CH4: UNFCCC_GTM_CRT_2024 [OBS; GTM-CRT-2024-V0.3-2022-20250304-084824_started.xlsx; Table1.A(a)s3; AD=C23; EM=I23; IEF=F23]; N2O: UNFCCC_GTM_CRT_2024 [OBS; GTM-CRT-2024-V0.3-2022-20250304-084824_started.xlsx; Table1.A(a)s3; AD=C23; EM=J23; IEF=G23].
EM|2024|BEV2_01745,2024,TR_BEN,COMBUSTION,1.A.3,Transporte,KER,USO_TR_BEN,TR_BEN,Use,E,BEV2_01745,5611.1237,5611.1237,COMB_KER,FOSIL,2022,PRX,71500,0.5,2,,,401.19534455,0,0.00280556185,0.0112222474,404.2477958428,CAL,,ACTIVIDAD_X_FE,MEM_BEN,IPCC_2006_GL,"Origen de factores: CO2: IPCC_2006_GL [PRX; Volumen 2, capítulo 3, tabla 3.6.4, p. 3.64; fila Jet Kerosene; gas CO2]; CH4: IPCC_2006_GL [PRX; Volumen 2, capítulo 3, tabla 3.6.5, p. 3.64; fila All fuels; gas CH4]; N2O: IPCC_2006_GL [PRX; Volumen 2, capítulo 3, tabla 3.6.5, p. 3.64; fila All fuels; gas N2O]."
EM|2024|AGR|3.A|CH4,2024,A,AGRICULTURA,3.A,Fermentación entérica,,PROXY_VAB_DESDE_2022,A,,,AGR|2024|3.A|CH4,,,AGRICULTURA_CRT,NO_APLICA,2022,PRX,,,,CH4,176.495679033602,0,0,176.495679033602,0,4941.87901294087,PRX,,EMISION_2022_X_RATIO_VAB,BANGUAT_SCN_2013,UNFCCC_GTM_CRT_2024,
EM|2024|AGR|3.B|CH4,2024,A,AGRICULTURA,3.B,Gestión del estiércol,,PROXY_VAB_DESDE_2022,A,,,AGR|2024|3.B|CH4,,,AGRICULTURA_CRT,NO_APLICA,2022,PRX,,,,CH4,6.25969219772685,0,0,6.25969219772685,0,175.271381536352,PRX,,EMISION_2022_X_RATIO_VAB,BANGUAT_SCN_2013,UNFCCC_GTM_CRT_2024,
EM|2024|AGR|3.B|N2O,2024,A,AGRICULTURA,3.B,Gestión del estiércol,,PROXY_VAB_DESDE_2022,A,,,AGR|2024|3.B|N2O,,,AGRICULTURA_CRT,NO_APLICA,2022,PRX,,,,N2O,0.920223922534038,0,0,0,0.920223922534038,243.85933947152,PRX,,EMISION_2022_X_RATIO_VAB,BANGUAT_SCN_2013,UNFCCC_GTM_CRT_2024,
EM|2024|AGR|3.C|CH4,2024,A,AGRICULTURA,3.C,Cultivo de arroz,,PROXY_VAB_DESDE_2022,A,,,AGR|2024|3.C|CH4,,,AGRICULTURA_CRT,NO_APLICA,2022,PRX,,,,CH4,0.849148802113389,0,0,0.849148802113389,0,23.7761664591749,PRX,,EMISION_2022_X_RATIO_VAB,BANGUAT_SCN_2013,UNFCCC_GTM_CRT_2024,
EM|2024|AGR|3.D|N2O,2024,A,AGRICULTURA,3.D,Suelos agrícolas,,PROXY_VAB_DESDE_2022,A,,,AGR|2024|3.D|N2O,,,AGRICULTURA_CRT,NO_APLICA,2022,PRX,,,,N2O,3.27534938297871,0,0,0,3.27534938297871,867.967586489358,PRX,,EMISION_2022_X_RATIO_VAB,BANGUAT_SCN_2013,UNFCCC_GTM_CRT_2024,
EM|2024|AGR|3.E|CH4,2024,A,AGRICULTURA,3.E,Quema prescrita de sabanas,,PROXY_VAB_DESDE_2022,A,,,AGR|2024|3.E|CH4,,,AGRICULTURA_CRT,NO_APLICA,2022,PRX,,,,CH4,4.44965065708743,0,0,4.44965065708743,0,124.590218398448,PRX,,EMISION_2022_X_RATIO_VAB,BANGUAT_SCN_2013,UNFCCC_GTM_CRT_2024,
EM|2024|AGR|3.E|N2O,2024,A,AGRICULTURA,3.E,Quema prescrita de sabanas,,PROXY_VAB_DESDE_2022,A,,,AGR|2024|3.E|N2O,,,AGRICULTURA_CRT,NO_APLICA,2022,PRX,,,,N2O,0.406272451299287,0,0,0,0.406272451299287,107.662199594311,PRX,,EMISION_2022_X_RATIO_VAB,BANGUAT_SCN_2013,UNFCCC_GTM_CRT_2024,
EM|2024|AGR|3.F|CH4,2024,A,AGRICULTURA,3.F,Quema de residuos agrícolas en el campo,,PROXY_VAB_DESDE_2022,A,,,AGR|2024|3.F|CH4,,,AGRICULTURA_CRT,NO_APLICA,2022,PRX,,,,CH4,4.50833646283428,0,0,4.50833646283428,0,126.23342095936,PRX,,EMISION_2022_X_RATIO_VAB,BANGUAT_SCN_2013,UNFCCC_GTM_CRT_2024,
EM|2024|AGR|3.F|N2O,2024,A,AGRICULTURA,3.F,Quema de residuos agrícolas en el campo,,PROXY_VAB_DESDE_2022,A,,,AGR|2024|3.F|N2O,,,AGRICULTURA_CRT,NO_APLICA,2022,PRX,,,,N2O,0.116882797184593,0,0,0,0.116882797184593,30.9739412539172,PRX,,EMISION_2022_X_RATIO_VAB,BANGUAT_SCN_2013,UNFCCC_GTM_CRT_2024,
EM|2024|AGR|3.G|NO,2024,A,AGRICULTURA,3.G,Encalado,,SIN_CALCULO_NO,A,,,AGR|2024|3.G|NO,,,NO,NO_APLICA,2022,NO,,,,NO,,,,,,,NO,NO,SIN_CALCULO_NO,BANGUAT_SCN_2013,,
EM|2024|AGR|3.H|CO2,2024,A,AGRICULTURA,3.H,Aplicación de urea,,PROXY_VAB_DESDE_2022,A,,,AGR|2024|3.H|CO2,,,AGRICULTURA_CRT,FOSIL,2022,PRX,,,,CO2,32.8627608101359,32.8627608101359,0,0,0,32.8627608101359,PRX,,EMISION_2022_X_RATIO_VAB,BANGUAT_SCN_2013,UNFCCC_GTM_CRT_2024,
EM|2024|AGR|3.I|NO,2024,A,AGRICULTURA,3.I,Otros fertilizantes que contienen carbono,,SIN_CALCULO_NO,A,,,AGR|2024|3.I|NO,,,NO,NO_APLICA,2022,NO,,,,NO,,,,,,,NO,NO,SIN_CALCULO_NO,BANGUAT_SCN_2013,,
EM|2024|AGR|3.J|NO,2024,A,AGRICULTURA,3.J,Otros,,SIN_CALCULO_NO,A,,,AGR|2024|3.J|NO,,,NO,NO_APLICA,2022,NO,,,,NO,,,,,,,NO,NO,SIN_CALCULO_NO,BANGUAT_SCN_2013,,
